2025/12/08 16:53:37 Server 0 starts working...
2025/12/08 16:53:37 Server 1 starts working...
2025/12/08 16:53:37 Server 2 starts working...
2025/12/08 16:53:37 Server 3 starts working...
2025/12/08 16:53:37 Server 4 starts working...
Test (3C): Figure 8 (unreliable) (unreliable network)...
2025/12/08 16:53:37 Candidate 1 starts an election with term 1
2025/12/08 16:53:37 Candidate 1's log: [{<nil> 0}]
2025/12/08 16:53:37 4 find a higher term, change to FOLLOWER state
2025/12/08 16:53:37 Follower 4's log: [{<nil> 0}]
2025/12/08 16:53:37 lastLogTerm: Server 4: 0 VS Candidate 1: 0, result: false
2025/12/08 16:53:37 lastLogIndex: Server 4: 0 VS Candidate 1: 0, result: false
2025/12/08 16:53:37 3 find a higher term, change to FOLLOWER state
2025/12/08 16:53:37 Follower 3's log: [{<nil> 0}]
2025/12/08 16:53:37 lastLogTerm: Server 3: 0 VS Candidate 1: 0, result: false
2025/12/08 16:53:37 lastLogIndex: Server 3: 0 VS Candidate 1: 0, result: false
2025/12/08 16:53:37 Leader 1 send entries start = 1, end = 1 to Follower 4
2025/12/08 16:53:37 Leader 1 send entries start = 1, end = 1 to Follower 2
2025/12/08 16:53:37 Leader 1 send entries start = 1, end = 1 to Follower 3
2025/12/08 16:53:37 Leader 1 send entries start = 1, end = 1 to Follower 0
2025/12/08 16:53:37 0 find a higher term, change to FOLLOWER state
2025/12/08 16:53:37 Follower 0's log: [{<nil> 0}]
2025/12/08 16:53:37 lastLogTerm: Server 0: 0 VS Candidate 1: 0, result: false
2025/12/08 16:53:37 lastLogIndex: Server 0: 0 VS Candidate 1: 0, result: false
2025/12/08 16:53:37 2 find a higher term, change to FOLLOWER state
2025/12/08 16:53:37 Follower 2 log before append: [{<nil> 0}], and about to append entries [] at prevlogindex = 0
2025/12/08 16:53:37 Follower 2 log after append: [{<nil> 0}]
2025/12/08 16:53:37 Follower 2 signal applier to work
2025/12/08 16:53:37 Leader 1 check Follower 2 nextIndex = 1, matchIndex = 0, all matchIndex: [0 0 0 0 0]
2025/12/08 16:53:37 Leader 1 signal applier to work
2025/12/08 16:53:37 Server 1 wake up! wait for new log to apply from index 1 to 0
2025/12/08 16:53:37 Server 2 wake up! wait for new log to apply from index 1 to 0
2025/12/08 16:53:37 Follower 2's log: [{<nil> 0}]
2025/12/08 16:53:37 lastLogTerm: Server 2: 0 VS Candidate 1: 0, result: false
2025/12/08 16:53:37 lastLogIndex: Server 2: 0 VS Candidate 1: 0, result: false
2025/12/08 16:53:37 Follower 3 log before append: [{<nil> 0}], and about to append entries [] at prevlogindex = 0
2025/12/08 16:53:37 Follower 3 log after append: [{<nil> 0}]
2025/12/08 16:53:37 Follower 3 signal applier to work
2025/12/08 16:53:37 Server 3 wake up! wait for new log to apply from index 1 to 0
2025/12/08 16:53:37 Follower 0 log before append: [{<nil> 0}], and about to append entries [] at prevlogindex = 0
2025/12/08 16:53:37 Follower 0 log after append: [{<nil> 0}]
2025/12/08 16:53:37 Follower 0 signal applier to work
2025/12/08 16:53:37 Leader 1 check Follower 0 nextIndex = 1, matchIndex = 0, all matchIndex: [0 0 0 0 0]
2025/12/08 16:53:37 Leader 1 signal applier to work
2025/12/08 16:53:37 Server 1 wake up! wait for new log to apply from index 1 to 0
2025/12/08 16:53:37 Server 0 wake up! wait for new log to apply from index 1 to 0
2025/12/08 16:53:37 Follower 4 log before append: [{<nil> 0}], and about to append entries [] at prevlogindex = 0
2025/12/08 16:53:37 Follower 4 log after append: [{<nil> 0}]
2025/12/08 16:53:37 Follower 4 signal applier to work
2025/12/08 16:53:37 Server 4 wake up! wait for new log to apply from index 1 to 0
2025/12/08 16:53:37 Leader 1 receive a command from client with index 1 with term 1
2025/12/08 16:53:37 Leader 1 send entries start = 1, end = 2 to Follower 4
2025/12/08 16:53:37 Leader 1 send entries start = 1, end = 2 to Follower 2
2025/12/08 16:53:37 Leader 1 send entries start = 1, end = 2 to Follower 0
2025/12/08 16:53:37 Leader 1 send entries start = 1, end = 2 to Follower 3
2025/12/08 16:53:37 Follower 4 log before append: [{<nil> 0}], and about to append entries [{7948 1}] at prevlogindex = 0
2025/12/08 16:53:37 Follower 2 log before append: [{<nil> 0}], and about to append entries [{7948 1}] at prevlogindex = 0
2025/12/08 16:53:37 Follower 2 log after append: [{<nil> 0} {7948 1}]
2025/12/08 16:53:37 Follower 2 signal applier to work
2025/12/08 16:53:37 Follower 4 log after append: [{<nil> 0} {7948 1}]
2025/12/08 16:53:37 Follower 4 signal applier to work
2025/12/08 16:53:37 Server 2 wake up! wait for new log to apply from index 1 to 0
2025/12/08 16:53:37 Server 4 wake up! wait for new log to apply from index 1 to 0
2025/12/08 16:53:37 Leader 1 check Follower 4 nextIndex = 2, matchIndex = 1, all matchIndex: [0 1 0 0 1]
2025/12/08 16:53:37 Leader 1 signal applier to work
2025/12/08 16:53:37 Server 1 wake up! wait for new log to apply from index 1 to 0
2025/12/08 16:53:37 Follower 3 log before append: [{<nil> 0}], and about to append entries [{7948 1}] at prevlogindex = 0
2025/12/08 16:53:37 Follower 3 log after append: [{<nil> 0} {7948 1}]
2025/12/08 16:53:37 Follower 3 signal applier to work
2025/12/08 16:53:37 Server 3 wake up! wait for new log to apply from index 1 to 0
2025/12/08 16:53:37 Leader 1 check Follower 3 nextIndex = 2, matchIndex = 1, all matchIndex: [0 1 0 1 1]
2025/12/08 16:53:37 Leader 1 advance commitIndex from 0 to 1, all matchIndex: [0 1 0 1 1]
2025/12/08 16:53:37 Leader 1 signal applier to work
2025/12/08 16:53:37 Server 1 wake up! wait for new log to apply from index 1 to 1
2025/12/08 16:53:37 Server 1 begin to apply log from index 1 to 1
2025/12/08 16:53:37 Server 1 apply message with index 1 and command {7948 1}
2025/12/08 16:53:37 Follower 0 log before append: [{<nil> 0}], and about to append entries [{7948 1}] at prevlogindex = 0
2025/12/08 16:53:37 Follower 0 log after append: [{<nil> 0} {7948 1}]
2025/12/08 16:53:37 Follower 0 signal applier to work
2025/12/08 16:53:37 Server 0 wake up! wait for new log to apply from index 1 to 0
2025/12/08 16:53:37 Leader 1 check Follower 0 nextIndex = 2, matchIndex = 1, all matchIndex: [1 1 0 1 1]
2025/12/08 16:53:37 Leader 1 signal applier to work
2025/12/08 16:53:37 Server 1 wake up! wait for new log to apply from index 2 to 1
2025/12/08 16:53:37 Leader 1 receive a command from client with index 2 with term 1
2025/12/08 16:53:37 Leader 1 send entries start = 2, end = 3 to Follower 4
2025/12/08 16:53:37 Leader 1 send entries start = 2, end = 3 to Follower 3
2025/12/08 16:53:37 Leader 1 send entries start = 1, end = 3 to Follower 2
2025/12/08 16:53:37 Leader 1 send entries start = 2, end = 3 to Follower 0
2025/12/08 16:53:37 Leader 1 receive a command from client with index 3 with term 1
2025/12/08 16:53:37 Leader 1 send entries start = 2, end = 4 to Follower 4
2025/12/08 16:53:37 Leader 1 send entries start = 2, end = 4 to Follower 0
2025/12/08 16:53:37 Leader 1 send entries start = 1, end = 4 to Follower 2
2025/12/08 16:53:37 Leader 1 send entries start = 2, end = 4 to Follower 3
2025/12/08 16:53:37 Follower 2 log before append: [{<nil> 0} {7948 1}], and about to append entries [{7948 1} {8227 1}] at prevlogindex = 0
2025/12/08 16:53:37 Follower 2 log after append: [{<nil> 0} {7948 1} {8227 1}]
2025/12/08 16:53:37 Follower 2 signal applier to work
2025/12/08 16:53:37 Server 2 wake up! wait for new log to apply from index 1 to 1
2025/12/08 16:53:37 Leader 1 check Follower 2 nextIndex = 3, matchIndex = 2, all matchIndex: [1 3 2 1 1]
2025/12/08 16:53:37 Server 2 begin to apply log from index 1 to 1
2025/12/08 16:53:37 Leader 1 signal applier to work
2025/12/08 16:53:37 Server 1 wake up! wait for new log to apply from index 2 to 1
2025/12/08 16:53:37 Server 2 apply message with index 1 and command {7948 1}
2025/12/08 16:53:37 Leader 1 receive a command from client with index 4 with term 1
2025/12/08 16:53:37 Follower 4 log before append: [{<nil> 0} {7948 1}], and about to append entries [{8227 1} {5091 1}] at prevlogindex = 1
2025/12/08 16:53:37 Follower 4 log after append: [{<nil> 0} {7948 1} {8227 1} {5091 1}]
2025/12/08 16:53:37 Leader 1 send entries start = 2, end = 5 to Follower 4
2025/12/08 16:53:37 Follower 4 signal applier to work
2025/12/08 16:53:37 Leader 1 send entries start = 3, end = 5 to Follower 2
2025/12/08 16:53:37 Server 4 wake up! wait for new log to apply from index 1 to 1
2025/12/08 16:53:37 Server 4 begin to apply log from index 1 to 1
2025/12/08 16:53:37 Server 4 apply message with index 1 and command {7948 1}
2025/12/08 16:53:37 Leader 1 send entries start = 2, end = 5 to Follower 3
2025/12/08 16:53:37 Leader 1 send entries start = 2, end = 5 to Follower 0
2025/12/08 16:53:37 Leader 1 receive a command from client with index 5 with term 1
2025/12/08 16:53:37 Leader 1 send entries start = 2, end = 6 to Follower 4
2025/12/08 16:53:37 Leader 1 send entries start = 2, end = 6 to Follower 0
2025/12/08 16:53:37 Leader 1 send entries start = 3, end = 6 to Follower 2
2025/12/08 16:53:37 Leader 1 send entries start = 2, end = 6 to Follower 3
2025/12/08 16:53:37 Follower 4 log before append: [{<nil> 0} {7948 1} {8227 1} {5091 1}], and about to append entries [{8227 1}] at prevlogindex = 1
2025/12/08 16:53:37 Follower 4 log after append: [{<nil> 0} {7948 1} {8227 1}]
2025/12/08 16:53:37 Follower 4 signal applier to work
2025/12/08 16:53:37 Server 4 wake up! wait for new log to apply from index 2 to 1
2025/12/08 16:53:37 Follower 0 log before append: [{<nil> 0} {7948 1}], and about to append entries [{8227 1}] at prevlogindex = 1
2025/12/08 16:53:37 Follower 0 log after append: [{<nil> 0} {7948 1} {8227 1}]
2025/12/08 16:53:37 Follower 3 log before append: [{<nil> 0} {7948 1}], and about to append entries [{8227 1}] at prevlogindex = 1
2025/12/08 16:53:37 Follower 3 log after append: [{<nil> 0} {7948 1} {8227 1}]
2025/12/08 16:53:37 Follower 0 signal applier to work
2025/12/08 16:53:37 Follower 3 signal applier to work
2025/12/08 16:53:37 Server 3 wake up! wait for new log to apply from index 1 to 1
2025/12/08 16:53:37 Server 3 begin to apply log from index 1 to 1
2025/12/08 16:53:37 Server 3 apply message with index 1 and command {7948 1}
2025/12/08 16:53:37 Server 0 wake up! wait for new log to apply from index 1 to 1
2025/12/08 16:53:37 Server 0 begin to apply log from index 1 to 1
2025/12/08 16:53:37 Server 0 apply message with index 1 and command {7948 1}
2025/12/08 16:53:37 Leader 1 receive a command from client with index 6 with term 1
2025/12/08 16:53:37 Leader 1 send entries start = 2, end = 7 to Follower 4
2025/12/08 16:53:37 Leader 1 send entries start = 3, end = 7 to Follower 2
2025/12/08 16:53:37 Leader 1 send entries start = 2, end = 7 to Follower 3
2025/12/08 16:53:37 Leader 1 send entries start = 2, end = 7 to Follower 0
2025/12/08 16:53:37 Follower 3 log before append: [{<nil> 0} {7948 1} {8227 1}], and about to append entries [{8227 1} {5091 1}] at prevlogindex = 1
2025/12/08 16:53:37 Follower 3 log after append: [{<nil> 0} {7948 1} {8227 1} {5091 1}]
2025/12/08 16:53:37 Follower 3 signal applier to work
2025/12/08 16:53:37 Server 3 wake up! wait for new log to apply from index 2 to 1
2025/12/08 16:53:37 Follower 0 log before append: [{<nil> 0} {7948 1} {8227 1}], and about to append entries [{8227 1} {5091 1}] at prevlogindex = 1
2025/12/08 16:53:37 Follower 0 log after append: [{<nil> 0} {7948 1} {8227 1} {5091 1}]
2025/12/08 16:53:37 Follower 0 signal applier to work
2025/12/08 16:53:37 Server 0 wake up! wait for new log to apply from index 2 to 1
2025/12/08 16:53:37 Follower 2 log before append: [{<nil> 0} {7948 1} {8227 1}], and about to append entries [{7948 1} {8227 1} {5091 1}] at prevlogindex = 0
2025/12/08 16:53:37 Follower 2 log after append: [{<nil> 0} {7948 1} {8227 1} {5091 1}]
2025/12/08 16:53:37 Follower 2 signal applier to work
2025/12/08 16:53:37 Server 2 wake up! wait for new log to apply from index 2 to 1
2025/12/08 16:53:37 Leader 1 receive a command from client with index 7 with term 1
2025/12/08 16:53:37 Leader 1 send entries start = 2, end = 8 to Follower 4
2025/12/08 16:53:37 Leader 1 send entries start = 3, end = 8 to Follower 2
2025/12/08 16:53:37 Leader 1 send entries start = 2, end = 8 to Follower 0
2025/12/08 16:53:37 Leader 1 send entries start = 2, end = 8 to Follower 3
2025/12/08 16:53:37 Leader 1 receive a command from client with index 8 with term 1
2025/12/08 16:53:37 Leader 1 receive a command from client with index 9 with term 1
2025/12/08 16:53:37 Leader 1 send entries start = 2, end = 10 to Follower 4
2025/12/08 16:53:37 Leader 1 send entries start = 2, end = 10 to Follower 0
2025/12/08 16:53:37 Leader 1 send entries start = 3, end = 10 to Follower 2
2025/12/08 16:53:37 Leader 1 send entries start = 2, end = 10 to Follower 3
2025/12/08 16:53:37 Leader 1 send entries start = 2, end = 9 to Follower 4
2025/12/08 16:53:37 Leader 1 send entries start = 2, end = 9 to Follower 0
2025/12/08 16:53:37 Leader 1 send entries start = 3, end = 9 to Follower 2
2025/12/08 16:53:37 Leader 1 send entries start = 2, end = 9 to Follower 3
2025/12/08 16:53:37 Leader 1 receive a command from client with index 10 with term 1
2025/12/08 16:53:37 Leader 1 send entries start = 2, end = 11 to Follower 4
2025/12/08 16:53:37 Leader 1 send entries start = 3, end = 11 to Follower 2
2025/12/08 16:53:37 Leader 1 send entries start = 2, end = 11 to Follower 3
2025/12/08 16:53:37 Leader 1 send entries start = 2, end = 11 to Follower 0
2025/12/08 16:53:37 Leader 1 receive a command from client with index 11 with term 1
2025/12/08 16:53:37 Leader 1 send entries start = 2, end = 12 to Follower 4
2025/12/08 16:53:37 Leader 1 send entries start = 2, end = 12 to Follower 0
2025/12/08 16:53:37 Leader 1 send entries start = 3, end = 12 to Follower 2
2025/12/08 16:53:37 Leader 1 send entries start = 2, end = 12 to Follower 3
2025/12/08 16:53:37 Leader 1 receive a command from client with index 12 with term 1
2025/12/08 16:53:37 Leader 1 send entries start = 2, end = 13 to Follower 4
2025/12/08 16:53:37 Leader 1 send entries start = 3, end = 13 to Follower 2
2025/12/08 16:53:37 Leader 1 send entries start = 2, end = 13 to Follower 3
2025/12/08 16:53:37 Leader 1 send entries start = 2, end = 13 to Follower 0
2025/12/08 16:53:37 Leader 1 send entries start = 2, end = 13 to Follower 4
2025/12/08 16:53:37 Leader 1 send entries start = 3, end = 13 to Follower 2
2025/12/08 16:53:37 Leader 1 send entries start = 2, end = 13 to Follower 0
2025/12/08 16:53:37 Leader 1 send entries start = 2, end = 13 to Follower 3
2025/12/08 16:53:37 Leader 1 receive a command from client with index 13 with term 1
2025/12/08 16:53:37 Leader 1 send entries start = 2, end = 14 to Follower 4
2025/12/08 16:53:37 Leader 1 send entries start = 3, end = 14 to Follower 2
2025/12/08 16:53:37 Leader 1 send entries start = 2, end = 14 to Follower 3
2025/12/08 16:53:37 Leader 1 send entries start = 2, end = 14 to Follower 0
2025/12/08 16:53:37 Leader 1 receive a command from client with index 14 with term 1
2025/12/08 16:53:37 Leader 1 send entries start = 2, end = 15 to Follower 4
2025/12/08 16:53:37 Leader 1 send entries start = 2, end = 15 to Follower 0
2025/12/08 16:53:37 Leader 1 send entries start = 3, end = 15 to Follower 2
2025/12/08 16:53:37 Leader 1 send entries start = 2, end = 15 to Follower 3
2025/12/08 16:53:37 Leader 1 receive a command from client with index 15 with term 1
2025/12/08 16:53:37 Leader 1 receive a command from client with index 16 with term 1
2025/12/08 16:53:37 Leader 1 send entries start = 2, end = 17 to Follower 4
2025/12/08 16:53:37 Leader 1 send entries start = 2, end = 17 to Follower 0
2025/12/08 16:53:37 Leader 1 send entries start = 3, end = 17 to Follower 2
2025/12/08 16:53:37 Leader 1 send entries start = 2, end = 16 to Follower 4
2025/12/08 16:53:37 Leader 1 send entries start = 2, end = 16 to Follower 0
2025/12/08 16:53:37 Leader 1 send entries start = 3, end = 16 to Follower 2
2025/12/08 16:53:37 Leader 1 send entries start = 2, end = 16 to Follower 3
2025/12/08 16:53:37 Leader 1 send entries start = 2, end = 17 to Follower 3
2025/12/08 16:53:37 Leader 1 receive a command from client with index 17 with term 1
2025/12/08 16:53:37 Leader 1 send entries start = 2, end = 18 to Follower 4
2025/12/08 16:53:37 Leader 1 send entries start = 3, end = 18 to Follower 2
2025/12/08 16:53:37 Leader 1 send entries start = 2, end = 18 to Follower 0
2025/12/08 16:53:37 Leader 1 send entries start = 2, end = 18 to Follower 3
2025/12/08 16:53:38 Leader 1 receive a command from client with index 18 with term 1
2025/12/08 16:53:38 Leader 1 send entries start = 2, end = 19 to Follower 4
2025/12/08 16:53:38 Leader 1 send entries start = 3, end = 19 to Follower 2
2025/12/08 16:53:38 Leader 1 send entries start = 2, end = 19 to Follower 0
2025/12/08 16:53:38 Leader 1 send entries start = 2, end = 19 to Follower 3
2025/12/08 16:53:38 Leader 1 receive a command from client with index 19 with term 1
2025/12/08 16:53:38 Leader 1 send entries start = 2, end = 20 to Follower 4
2025/12/08 16:53:38 Leader 1 send entries start = 2, end = 20 to Follower 0
2025/12/08 16:53:38 Leader 1 send entries start = 3, end = 20 to Follower 2
2025/12/08 16:53:38 Leader 1 send entries start = 2, end = 20 to Follower 3
2025/12/08 16:53:38 Leader 1 receive a command from client with index 20 with term 1
2025/12/08 16:53:38 Leader 1 send entries start = 2, end = 21 to Follower 4
2025/12/08 16:53:38 Leader 1 send entries start = 3, end = 21 to Follower 2
2025/12/08 16:53:38 Leader 1 send entries start = 2, end = 21 to Follower 3
2025/12/08 16:53:38 Leader 1 send entries start = 2, end = 21 to Follower 0
2025/12/08 16:53:38 Leader 1 receive a command from client with index 21 with term 1
2025/12/08 16:53:38 Leader 1 send entries start = 2, end = 22 to Follower 4
2025/12/08 16:53:38 Leader 1 send entries start = 2, end = 22 to Follower 0
2025/12/08 16:53:38 Leader 1 send entries start = 2, end = 22 to Follower 3
2025/12/08 16:53:38 Leader 1 send entries start = 3, end = 22 to Follower 2
2025/12/08 16:53:38 Leader 1 receive a command from client with index 22 with term 1
2025/12/08 16:53:38 Leader 1 send entries start = 2, end = 23 to Follower 4
2025/12/08 16:53:38 Leader 1 send entries start = 3, end = 23 to Follower 2
2025/12/08 16:53:38 Leader 1 send entries start = 2, end = 23 to Follower 3
2025/12/08 16:53:38 Leader 1 send entries start = 2, end = 23 to Follower 0
2025/12/08 16:53:38 Leader 1 receive a command from client with index 23 with term 1
2025/12/08 16:53:38 Leader 1 send entries start = 2, end = 24 to Follower 4
2025/12/08 16:53:38 Leader 1 send entries start = 2, end = 24 to Follower 3
2025/12/08 16:53:38 Leader 1 send entries start = 3, end = 24 to Follower 2
2025/12/08 16:53:38 Leader 1 send entries start = 2, end = 24 to Follower 0
2025/12/08 16:53:38 Leader 1 receive a command from client with index 24 with term 1
2025/12/08 16:53:38 Leader 1 send entries start = 2, end = 25 to Follower 4
2025/12/08 16:53:38 Leader 1 send entries start = 2, end = 25 to Follower 0
2025/12/08 16:53:38 Leader 1 send entries start = 3, end = 25 to Follower 2
2025/12/08 16:53:38 Leader 1 send entries start = 2, end = 25 to Follower 3
2025/12/08 16:53:38 Leader 1 receive a command from client with index 25 with term 1
2025/12/08 16:53:38 Leader 1 send entries start = 2, end = 26 to Follower 4
2025/12/08 16:53:38 Leader 1 send entries start = 3, end = 26 to Follower 2
2025/12/08 16:53:38 Leader 1 send entries start = 2, end = 26 to Follower 0
2025/12/08 16:53:38 Leader 1 send entries start = 2, end = 26 to Follower 3
2025/12/08 16:53:38 Leader 1 receive a command from client with index 26 with term 1
2025/12/08 16:53:38 Leader 1 send entries start = 2, end = 27 to Follower 4
2025/12/08 16:53:38 Leader 1 send entries start = 2, end = 27 to Follower 3
2025/12/08 16:53:38 Leader 1 send entries start = 3, end = 27 to Follower 2
2025/12/08 16:53:38 Leader 1 send entries start = 2, end = 27 to Follower 0
2025/12/08 16:53:38 Leader 1 receive a command from client with index 27 with term 1
2025/12/08 16:53:38 Leader 1 send entries start = 2, end = 28 to Follower 4
2025/12/08 16:53:38 Leader 1 send entries start = 3, end = 28 to Follower 2
2025/12/08 16:53:38 Leader 1 send entries start = 2, end = 28 to Follower 3
2025/12/08 16:53:38 Leader 1 send entries start = 2, end = 28 to Follower 0
2025/12/08 16:53:38 Leader 1 send entries start = 2, end = 28 to Follower 4
2025/12/08 16:53:38 Leader 1 send entries start = 3, end = 28 to Follower 2
2025/12/08 16:53:38 Leader 1 send entries start = 2, end = 28 to Follower 0
2025/12/08 16:53:38 Leader 1 send entries start = 2, end = 28 to Follower 3
2025/12/08 16:53:38 Leader 1 receive a command from client with index 28 with term 1
2025/12/08 16:53:38 Leader 1 receive a command from client with index 29 with term 1
2025/12/08 16:53:38 Leader 1 send entries start = 2, end = 30 to Follower 4
2025/12/08 16:53:38 Leader 1 send entries start = 2, end = 30 to Follower 0
2025/12/08 16:53:38 Leader 1 send entries start = 2, end = 29 to Follower 4
2025/12/08 16:53:38 Leader 1 send entries start = 2, end = 29 to Follower 0
2025/12/08 16:53:38 Leader 1 send entries start = 3, end = 29 to Follower 2
2025/12/08 16:53:38 Leader 1 send entries start = 2, end = 29 to Follower 3
2025/12/08 16:53:38 Leader 1 send entries start = 3, end = 30 to Follower 2
2025/12/08 16:53:38 Leader 1 send entries start = 2, end = 30 to Follower 3
2025/12/08 16:53:38 Leader 1 receive a command from client with index 30 with term 1
2025/12/08 16:53:38 Leader 1 send entries start = 2, end = 31 to Follower 4
2025/12/08 16:53:38 Leader 1 send entries start = 3, end = 31 to Follower 2
2025/12/08 16:53:38 Leader 1 send entries start = 2, end = 31 to Follower 0
2025/12/08 16:53:38 Leader 1 send entries start = 2, end = 31 to Follower 3
2025/12/08 16:53:38 Leader 1 send entries start = 2, end = 31 to Follower 4
2025/12/08 16:53:38 Leader 1 send entries start = 3, end = 31 to Follower 2
2025/12/08 16:53:38 Leader 1 send entries start = 2, end = 31 to Follower 0
2025/12/08 16:53:38 Leader 1 send entries start = 2, end = 31 to Follower 3
2025/12/08 16:53:38 Leader 1 receive a command from client with index 31 with term 1
2025/12/08 16:53:38 Leader 1 send entries start = 2, end = 32 to Follower 4
2025/12/08 16:53:38 Leader 1 send entries start = 3, end = 32 to Follower 2
2025/12/08 16:53:38 Leader 1 send entries start = 2, end = 32 to Follower 0
2025/12/08 16:53:38 Leader 1 send entries start = 2, end = 32 to Follower 3
2025/12/08 16:53:38 Leader 1 receive a command from client with index 32 with term 1
2025/12/08 16:53:38 Leader 1 send entries start = 2, end = 33 to Follower 4
2025/12/08 16:53:38 Leader 1 send entries start = 3, end = 33 to Follower 2
2025/12/08 16:53:38 Leader 1 send entries start = 2, end = 33 to Follower 0
2025/12/08 16:53:38 Leader 1 send entries start = 2, end = 33 to Follower 3
2025/12/08 16:53:38 Leader 1 receive a command from client with index 33 with term 1
2025/12/08 16:53:38 Leader 1 receive a command from client with index 34 with term 1
2025/12/08 16:53:38 Leader 1 receive a command from client with index 35 with term 1
2025/12/08 16:53:38 Leader 1 send entries start = 2, end = 35 to Follower 4
2025/12/08 16:53:38 Leader 1 send entries start = 2, end = 34 to Follower 4
2025/12/08 16:53:38 Leader 1 send entries start = 2, end = 36 to Follower 4
2025/12/08 16:53:38 Leader 1 send entries start = 2, end = 34 to Follower 0
2025/12/08 16:53:38 Leader 1 send entries start = 3, end = 34 to Follower 2
2025/12/08 16:53:38 Leader 1 send entries start = 3, end = 35 to Follower 2
2025/12/08 16:53:38 Leader 1 send entries start = 2, end = 34 to Follower 3
2025/12/08 16:53:38 Leader 1 send entries start = 2, end = 35 to Follower 0
2025/12/08 16:53:38 Leader 1 send entries start = 3, end = 36 to Follower 2
2025/12/08 16:53:38 Leader 1 send entries start = 2, end = 36 to Follower 0
2025/12/08 16:53:38 Leader 1 send entries start = 2, end = 35 to Follower 3
2025/12/08 16:53:38 Leader 1 send entries start = 2, end = 36 to Follower 3
2025/12/08 16:53:38 Leader 1 receive a command from client with index 36 with term 1
2025/12/08 16:53:38 Leader 1 send entries start = 2, end = 37 to Follower 4
2025/12/08 16:53:38 Leader 1 send entries start = 2, end = 37 to Follower 0
2025/12/08 16:53:38 Leader 1 send entries start = 3, end = 37 to Follower 2
2025/12/08 16:53:38 Leader 1 send entries start = 2, end = 37 to Follower 3
2025/12/08 16:53:38 Leader 1 receive a command from client with index 37 with term 1
2025/12/08 16:53:38 Leader 1 send entries start = 2, end = 38 to Follower 4
2025/12/08 16:53:38 Leader 1 send entries start = 3, end = 38 to Follower 2
2025/12/08 16:53:38 Leader 1 send entries start = 2, end = 38 to Follower 0
2025/12/08 16:53:38 Leader 1 send entries start = 2, end = 38 to Follower 3
2025/12/08 16:53:38 Leader 1 receive a command from client with index 38 with term 1
2025/12/08 16:53:38 Leader 1 send entries start = 2, end = 39 to Follower 4
2025/12/08 16:53:38 Leader 1 send entries start = 3, end = 39 to Follower 2
2025/12/08 16:53:38 Leader 1 send entries start = 2, end = 39 to Follower 0
2025/12/08 16:53:38 Leader 1 send entries start = 2, end = 39 to Follower 3
2025/12/08 16:53:38 Leader 1 receive a command from client with index 39 with term 1
2025/12/08 16:53:38 Leader 1 send entries start = 2, end = 40 to Follower 4
2025/12/08 16:53:38 Leader 1 send entries start = 2, end = 40 to Follower 3
2025/12/08 16:53:38 Leader 1 send entries start = 3, end = 40 to Follower 2
2025/12/08 16:53:38 Leader 1 send entries start = 2, end = 40 to Follower 0
2025/12/08 16:53:38 Leader 1 receive a command from client with index 40 with term 1
2025/12/08 16:53:38 Leader 1 send entries start = 2, end = 41 to Follower 4
2025/12/08 16:53:38 Leader 1 send entries start = 2, end = 41 to Follower 0
2025/12/08 16:53:38 Leader 1 send entries start = 2, end = 41 to Follower 3
2025/12/08 16:53:38 Leader 1 send entries start = 3, end = 41 to Follower 2
2025/12/08 16:53:38 Leader 1 receive a command from client with index 41 with term 1
2025/12/08 16:53:38 Leader 1 send entries start = 2, end = 42 to Follower 4
2025/12/08 16:53:38 Leader 1 send entries start = 3, end = 42 to Follower 2
2025/12/08 16:53:38 Leader 1 send entries start = 2, end = 42 to Follower 3
2025/12/08 16:53:38 Leader 1 send entries start = 2, end = 42 to Follower 0
2025/12/08 16:53:38 Leader 1 receive a command from client with index 42 with term 1
2025/12/08 16:53:38 Leader 1 send entries start = 2, end = 43 to Follower 4
2025/12/08 16:53:38 Leader 1 send entries start = 3, end = 43 to Follower 2
2025/12/08 16:53:38 Leader 1 send entries start = 2, end = 43 to Follower 0
2025/12/08 16:53:38 Leader 1 send entries start = 2, end = 43 to Follower 3
2025/12/08 16:53:38 Leader 1 receive a command from client with index 43 with term 1
2025/12/08 16:53:38 Leader 1 receive a command from client with index 44 with term 1
2025/12/08 16:53:38 Leader 1 receive a command from client with index 45 with term 1
2025/12/08 16:53:38 Leader 1 send entries start = 2, end = 44 to Follower 4
2025/12/08 16:53:38 Leader 1 send entries start = 2, end = 46 to Follower 4
2025/12/08 16:53:38 Leader 1 send entries start = 2, end = 44 to Follower 0
2025/12/08 16:53:38 Leader 1 send entries start = 3, end = 46 to Follower 2
2025/12/08 16:53:38 Leader 1 send entries start = 2, end = 46 to Follower 0
2025/12/08 16:53:38 Leader 1 send entries start = 3, end = 44 to Follower 2
2025/12/08 16:53:38 Leader 1 send entries start = 2, end = 44 to Follower 3
2025/12/08 16:53:38 Leader 1 send entries start = 2, end = 45 to Follower 4
2025/12/08 16:53:38 Leader 1 send entries start = 2, end = 45 to Follower 0
2025/12/08 16:53:38 Leader 1 send entries start = 3, end = 45 to Follower 2
2025/12/08 16:53:38 Leader 1 send entries start = 2, end = 45 to Follower 3
2025/12/08 16:53:38 Leader 1 send entries start = 2, end = 46 to Follower 3
2025/12/08 16:53:38 Leader 1 receive a command from client with index 46 with term 1
2025/12/08 16:53:38 Leader 1 send entries start = 2, end = 47 to Follower 4
2025/12/08 16:53:38 Leader 1 send entries start = 3, end = 47 to Follower 2
2025/12/08 16:53:38 Leader 1 send entries start = 2, end = 47 to Follower 3
2025/12/08 16:53:38 Leader 1 send entries start = 2, end = 47 to Follower 0
2025/12/08 16:53:38 Candidate 4 starts an election with term 2
2025/12/08 16:53:38 Candidate 4's log: [{<nil> 0} {7948 1} {8227 1}]
2025/12/08 16:53:38 Candidate 0 starts an election with term 2
2025/12/08 16:53:38 Candidate 0's log: [{<nil> 0} {7948 1} {8227 1} {5091 1}]
2025/12/08 16:53:38 Server 0 reject 4 for it has voted for 0
2025/12/08 16:53:38 2 find a higher term, change to FOLLOWER state
2025/12/08 16:53:38 Server 2 reject 4 for it's log is more up-to-date
2025/12/08 16:53:38 lastLogTerm: Server 2: 1 VS Candidate 4: 1, result: false
2025/12/08 16:53:38 lastLogIndex: Server 2: 3 VS Candidate 4: 2, result: true
2025/12/08 16:53:38 Follower 2's log: [{<nil> 0} {7948 1} {8227 1} {5091 1}]
2025/12/08 16:53:38 lastLogTerm: Server 2: 1 VS Candidate 0: 1, result: false
2025/12/08 16:53:38 lastLogIndex: Server 2: 3 VS Candidate 0: 3, result: false
2025/12/08 16:53:38 3 find a higher term, change to FOLLOWER state
2025/12/08 16:53:38 Follower 3's log: [{<nil> 0} {7948 1} {8227 1} {5091 1}]
2025/12/08 16:53:38 lastLogTerm: Server 3: 1 VS Candidate 0: 1, result: false
2025/12/08 16:53:38 lastLogIndex: Server 3: 3 VS Candidate 0: 3, result: false
2025/12/08 16:53:38 Leader 0 send entries start = 4, end = 4 to Follower 4
2025/12/08 16:53:38 Leader 0 send entries start = 4, end = 4 to Follower 3
2025/12/08 16:53:38 Leader 0 send entries start = 4, end = 4 to Follower 1
2025/12/08 16:53:38 Leader 0 send entries start = 4, end = 4 to Follower 2
2025/12/08 16:53:38 Server 3 reject 4 for it has voted for 0
2025/12/08 16:53:38 Follower 4 reject AppendEntries from Leader 0 for log inconsistency at prevLogIndex 3 and prevLogTerm 1 with full reply = &{Term:2 Success:false XIndex:0 XTerm:0 XLen:3}
2025/12/08 16:53:38 Follower 4 reject AppendEntries from Leader 0 for log inconsistency with full reply = &{Term:2 Success:false XIndex:0 XTerm:0 XLen:3}
2025/12/08 16:53:38 Leader 0 got rejection from 4 in term 2 with reply.term = 2
2025/12/08 16:53:38 Leader 0: before update, nextIndex[4] = 4
2025/12/08 16:53:38 Leader 0 receive full reply: {Term:2 Success:false XIndex:0 XTerm:0 XLen:3}
2025/12/08 16:53:38 Leader 0 receive additional info: XTerm = 0, XIndex = 0, XLen = 3
2025/12/08 16:53:38 Leader 0: update nextIndex[4](case 3) = 3
2025/12/08 16:53:38 Leader 0: after update, nextIndex[4] = 3
2025/12/08 16:53:38 Server 4 reject 0 for it has voted for 4
2025/12/08 16:53:38 Follower 2 log before append: [{<nil> 0} {7948 1} {8227 1} {5091 1}], and about to append entries [] at prevlogindex = 3
2025/12/08 16:53:38 Follower 2 log after append: [{<nil> 0} {7948 1} {8227 1} {5091 1}]
2025/12/08 16:53:38 Follower 2 signal applier to work
2025/12/08 16:53:38 Server 2 wake up! wait for new log to apply from index 2 to 1
2025/12/08 16:53:38 Leader 0 check Follower 2 nextIndex = 4, matchIndex = 3, all matchIndex: [3 0 3 0 0]
2025/12/08 16:53:38 Leader 0 signal applier to work
2025/12/08 16:53:38 Server 0 wake up! wait for new log to apply from index 2 to 1
2025/12/08 16:53:38 Follower 3 log before append: [{<nil> 0} {7948 1} {8227 1} {5091 1}], and about to append entries [] at prevlogindex = 3
2025/12/08 16:53:38 Follower 3 log after append: [{<nil> 0} {7948 1} {8227 1} {5091 1}]
2025/12/08 16:53:38 Follower 3 signal applier to work
2025/12/08 16:53:38 Leader 0 check Follower 3 nextIndex = 4, matchIndex = 3, all matchIndex: [3 0 3 3 0]
2025/12/08 16:53:38 Leader 0 signal applier to work
2025/12/08 16:53:38 Server 0 wake up! wait for new log to apply from index 2 to 1
2025/12/08 16:53:38 Server 3 wake up! wait for new log to apply from index 2 to 1
2025/12/08 16:53:38 Leader 1 send entries start = 2, end = 47 to Follower 4
2025/12/08 16:53:38 Leader 1 send entries start = 3, end = 47 to Follower 2
2025/12/08 16:53:38 Leader 1 send entries start = 2, end = 47 to Follower 3
2025/12/08 16:53:38 Leader 1 send entries start = 2, end = 47 to Follower 0
2025/12/08 16:53:38 Leader 0 receive a command from client with index 4 with term 2
2025/12/08 16:53:38 Leader 1 receive a command from client with index 47 with term 1
2025/12/08 16:53:38 Leader 0 receive a command from client with index 5 with term 2
2025/12/08 16:53:38 Leader 1 receive a command from client with index 48 with term 1
2025/12/08 16:53:38 Leader 1 send entries start = 2, end = 49 to Follower 4
2025/12/08 16:53:38 Leader 0 send entries start = 3, end = 5 to Follower 4
2025/12/08 16:53:38 Leader 1 send entries start = 3, end = 49 to Follower 2
2025/12/08 16:53:38 Leader 1 send entries start = 2, end = 48 to Follower 4
2025/12/08 16:53:38 Leader 0 send entries start = 4, end = 5 to Follower 1
2025/12/08 16:53:38 Leader 1 send entries start = 2, end = 49 to Follower 3
2025/12/08 16:53:38 Leader 0 send entries start = 4, end = 5 to Follower 2
2025/12/08 16:53:38 Leader 1 send entries start = 3, end = 48 to Follower 2
2025/12/08 16:53:38 Leader 0 send entries start = 4, end = 5 to Follower 3
2025/12/08 16:53:38 Leader 1 send entries start = 2, end = 48 to Follower 3
2025/12/08 16:53:38 Leader 1 send entries start = 2, end = 49 to Follower 0
2025/12/08 16:53:38 Leader 0 send entries start = 3, end = 6 to Follower 4
2025/12/08 16:53:38 Leader 1 send entries start = 2, end = 48 to Follower 0
2025/12/08 16:53:38 Leader 0 send entries start = 4, end = 6 to Follower 1
2025/12/08 16:53:38 Leader 0 send entries start = 4, end = 6 to Follower 2
2025/12/08 16:53:38 Leader 0 send entries start = 4, end = 6 to Follower 3
2025/12/08 16:53:38 Leader 0 receive a command from client with index 6 with term 2
2025/12/08 16:53:38 Leader 1 receive a command from client with index 49 with term 1
2025/12/08 16:53:38 Leader 1 send entries start = 2, end = 50 to Follower 4
2025/12/08 16:53:38 Leader 1 send entries start = 2, end = 50 to Follower 0
2025/12/08 16:53:38 Leader 1 send entries start = 3, end = 50 to Follower 2
2025/12/08 16:53:38 Leader 1 send entries start = 2, end = 50 to Follower 3
2025/12/08 16:53:38 Leader 0 send entries start = 3, end = 7 to Follower 4
2025/12/08 16:53:38 Leader 0 send entries start = 4, end = 7 to Follower 1
2025/12/08 16:53:38 Leader 0 send entries start = 4, end = 7 to Follower 2
2025/12/08 16:53:38 Follower 3 log before append: [{<nil> 0} {7948 1} {8227 1} {5091 1}], and about to append entries [{4298 2} {7859 2}] at prevlogindex = 3
2025/12/08 16:53:38 Follower 3 log after append: [{<nil> 0} {7948 1} {8227 1} {5091 1} {4298 2} {7859 2}]
2025/12/08 16:53:38 Follower 3 signal applier to work
2025/12/08 16:53:38 Follower 2 log before append: [{<nil> 0} {7948 1} {8227 1} {5091 1}], and about to append entries [{4298 2} {7859 2} {3131 2}] at prevlogindex = 3
2025/12/08 16:53:38 Follower 2 log after append: [{<nil> 0} {7948 1} {8227 1} {5091 1} {4298 2} {7859 2} {3131 2}]
2025/12/08 16:53:38 Leader 0 send entries start = 4, end = 7 to Follower 3
2025/12/08 16:53:38 Follower 2 signal applier to work
2025/12/08 16:53:38 Server 3 wake up! wait for new log to apply from index 2 to 1
2025/12/08 16:53:38 Server 2 wake up! wait for new log to apply from index 2 to 1
2025/12/08 16:53:38 Leader 0 check Follower 3 nextIndex = 6, matchIndex = 5, all matchIndex: [6 0 3 5 0]
2025/12/08 16:53:38 Leader 0 signal applier to work
2025/12/08 16:53:38 Leader 0 check Follower 2 nextIndex = 7, matchIndex = 6, all matchIndex: [6 0 6 5 0]
2025/12/08 16:53:38 Leader 0 advance commitIndex from 1 to 5, all matchIndex: [6 0 6 5 0]
2025/12/08 16:53:38 Leader 0 signal applier to work
2025/12/08 16:53:38 Server 0 wake up! wait for new log to apply from index 2 to 5
2025/12/08 16:53:38 Server 0 begin to apply log from index 2 to 5
2025/12/08 16:53:38 Server 0 apply message with index 2 and command {8227 1}
2025/12/08 16:53:38 Server 0 apply message with index 3 and command {5091 1}
2025/12/08 16:53:38 Server 0 apply message with index 4 and command {4298 2}
2025/12/08 16:53:38 Server 0 apply message with index 5 and command {7859 2}
2025/12/08 16:53:38 Follower 4 log before append: [{<nil> 0} {7948 1} {8227 1}], and about to append entries [{5091 1} {4298 2} {7859 2} {3131 2}] at prevlogindex = 2
2025/12/08 16:53:38 Follower 4 log after append: [{<nil> 0} {7948 1} {8227 1} {5091 1} {4298 2} {7859 2} {3131 2}]
2025/12/08 16:53:38 Follower 4 signal applier to work
2025/12/08 16:53:38 Server 4 wake up! wait for new log to apply from index 2 to 1
2025/12/08 16:53:38 Leader 0 check Follower 4 nextIndex = 7, matchIndex = 6, all matchIndex: [6 0 6 5 6]
2025/12/08 16:53:38 Leader 0 advance commitIndex from 5 to 6, all matchIndex: [6 0 6 5 6]
2025/12/08 16:53:38 Leader 0 signal applier to work
2025/12/08 16:53:38 Server 0 wake up! wait for new log to apply from index 6 to 6
2025/12/08 16:53:38 Server 0 begin to apply log from index 6 to 6
2025/12/08 16:53:38 Server 0 apply message with index 6 and command {3131 2}
2025/12/08 16:53:38 Leader 0 receive a command from client with index 7 with term 2
2025/12/08 16:53:38 Leader 1 receive a command from client with index 50 with term 1
2025/12/08 16:53:38 Leader 1 send entries start = 2, end = 51 to Follower 4
2025/12/08 16:53:38 Leader 1 send entries start = 2, end = 51 to Follower 0
2025/12/08 16:53:38 Leader 0 send entries start = 7, end = 8 to Follower 4
2025/12/08 16:53:38 Follower 2 log before append: [{<nil> 0} {7948 1} {8227 1} {5091 1} {4298 2} {7859 2} {3131 2}], and about to append entries [{4298 2}] at prevlogindex = 3
2025/12/08 16:53:38 Follower 2 log after append: [{<nil> 0} {7948 1} {8227 1} {5091 1} {4298 2}]
2025/12/08 16:53:38 Follower 2 signal applier to work
2025/12/08 16:53:38 Leader 0 send entries start = 7, end = 8 to Follower 2
2025/12/08 16:53:38 Follower 4 log before append: [{<nil> 0} {7948 1} {8227 1} {5091 1} {4298 2} {7859 2} {3131 2}], and about to append entries [{5091 1} {4298 2} {7859 2}] at prevlogindex = 2
2025/12/08 16:53:38 Server 2 wake up! wait for new log to apply from index 2 to 1
2025/12/08 16:53:38 Follower 4 log after append: [{<nil> 0} {7948 1} {8227 1} {5091 1} {4298 2} {7859 2}]
2025/12/08 16:53:38 Leader 1 send entries start = 3, end = 51 to Follower 2
2025/12/08 16:53:38 Follower 4 signal applier to work
2025/12/08 16:53:38 Leader 1 send entries start = 2, end = 51 to Follower 3
2025/12/08 16:53:38 Leader 0 send entries start = 6, end = 8 to Follower 3
2025/12/08 16:53:38 Server 4 wake up! wait for new log to apply from index 2 to 1
2025/12/08 16:53:38 Leader 0 check Follower 2 nextIndex = 7, matchIndex = 4, all matchIndex: [7 0 4 5 6]
2025/12/08 16:53:38 Leader 0 signal applier to work
2025/12/08 16:53:38 Leader 0 send entries start = 4, end = 8 to Follower 1
2025/12/08 16:53:38 Server 0 wake up! wait for new log to apply from index 7 to 6
2025/12/08 16:53:38 Leader 0 check Follower 4 nextIndex = 7, matchIndex = 5, all matchIndex: [7 0 4 5 5]
2025/12/08 16:53:38 Leader 0 signal applier to work
2025/12/08 16:53:38 Server 0 wake up! wait for new log to apply from index 7 to 6
2025/12/08 16:53:38 Follower 4 reject AppendEntries from Leader 0 for log inconsistency at prevLogIndex 6 and prevLogTerm 2 with full reply = &{Term:2 Success:false XIndex:0 XTerm:0 XLen:6}
2025/12/08 16:53:38 Follower 4 reject AppendEntries from Leader 0 for log inconsistency with full reply = &{Term:2 Success:false XIndex:0 XTerm:0 XLen:6}
2025/12/08 16:53:38 Leader 0 got rejection from 4 in term 2 with reply.term = 2
2025/12/08 16:53:38 Leader 0: before update, nextIndex[4] = 7
2025/12/08 16:53:38 Leader 0 receive full reply: {Term:2 Success:false XIndex:0 XTerm:0 XLen:6}
2025/12/08 16:53:38 Leader 0 receive additional info: XTerm = 0, XIndex = 0, XLen = 6
2025/12/08 16:53:38 Leader 0: update nextIndex[4](case 3) = 6
2025/12/08 16:53:38 Leader 0: after update, nextIndex[4] = 6
2025/12/08 16:53:38 Leader 0 receive a command from client with index 8 with term 2
2025/12/08 16:53:38 Leader 1 receive a command from client with index 51 with term 1
2025/12/08 16:53:38 Leader 1 send entries start = 2, end = 52 to Follower 4
2025/12/08 16:53:38 Leader 1 send entries start = 2, end = 52 to Follower 0
2025/12/08 16:53:38 Leader 1 send entries start = 3, end = 52 to Follower 2
2025/12/08 16:53:38 Leader 0 send entries start = 6, end = 9 to Follower 4
2025/12/08 16:53:38 Leader 1 send entries start = 2, end = 52 to Follower 3
2025/12/08 16:53:38 Leader 0 send entries start = 4, end = 9 to Follower 1
2025/12/08 16:53:38 Leader 0 send entries start = 7, end = 9 to Follower 2
2025/12/08 16:53:38 Leader 0 send entries start = 6, end = 9 to Follower 3
2025/12/08 16:53:38 Follower 4 log before append: [{<nil> 0} {7948 1} {8227 1} {5091 1} {4298 2} {7859 2}], and about to append entries [{5091 1} {4298 2}] at prevlogindex = 2
2025/12/08 16:53:38 Follower 4 log after append: [{<nil> 0} {7948 1} {8227 1} {5091 1} {4298 2}]
2025/12/08 16:53:38 Follower 4 signal applier to work
2025/12/08 16:53:38 Server 4 wake up! wait for new log to apply from index 2 to 1
2025/12/08 16:53:38 Follower 3 log before append: [{<nil> 0} {7948 1} {8227 1} {5091 1} {4298 2} {7859 2}], and about to append entries [{4298 2}] at prevlogindex = 3
2025/12/08 16:53:38 Follower 3 log after append: [{<nil> 0} {7948 1} {8227 1} {5091 1} {4298 2}]
2025/12/08 16:53:38 Follower 3 signal applier to work
2025/12/08 16:53:38 Server 3 wake up! wait for new log to apply from index 2 to 1
2025/12/08 16:53:38 Follower 2 reject AppendEntries from Leader 0 for log inconsistency at prevLogIndex 6 and prevLogTerm 2 with full reply = &{Term:2 Success:false XIndex:0 XTerm:0 XLen:5}
2025/12/08 16:53:38 Follower 2 reject AppendEntries from Leader 0 for log inconsistency with full reply = &{Term:2 Success:false XIndex:0 XTerm:0 XLen:5}
2025/12/08 16:53:38 Follower 2 log before append: [{<nil> 0} {7948 1} {8227 1} {5091 1} {4298 2}], and about to append entries [{4298 2} {7859 2}] at prevlogindex = 3
2025/12/08 16:53:38 Follower 2 log after append: [{<nil> 0} {7948 1} {8227 1} {5091 1} {4298 2} {7859 2}]
2025/12/08 16:53:38 Follower 2 signal applier to work
2025/12/08 16:53:38 Server 2 wake up! wait for new log to apply from index 2 to 1
2025/12/08 16:53:38 Leader 0 receive a command from client with index 9 with term 2
2025/12/08 16:53:38 Leader 1 receive a command from client with index 52 with term 1
2025/12/08 16:53:38 Leader 1 send entries start = 2, end = 53 to Follower 4
2025/12/08 16:53:38 Leader 1 send entries start = 2, end = 53 to Follower 3
2025/12/08 16:53:38 Leader 1 send entries start = 3, end = 53 to Follower 2
2025/12/08 16:53:38 Leader 0 send entries start = 6, end = 10 to Follower 4
2025/12/08 16:53:38 Leader 1 send entries start = 2, end = 53 to Follower 0
2025/12/08 16:53:38 Leader 0 send entries start = 4, end = 10 to Follower 1
2025/12/08 16:53:38 Leader 0 send entries start = 7, end = 10 to Follower 2
2025/12/08 16:53:38 Leader 0 send entries start = 6, end = 10 to Follower 3
2025/12/08 16:53:38 Follower 3 reject AppendEntries from Leader 0 for log inconsistency at prevLogIndex 5 and prevLogTerm 2 with full reply = &{Term:2 Success:false XIndex:0 XTerm:0 XLen:5}
2025/12/08 16:53:38 Follower 3 reject AppendEntries from Leader 0 for log inconsistency with full reply = &{Term:2 Success:false XIndex:0 XTerm:0 XLen:5}
2025/12/08 16:53:38 Leader 0 receive a command from client with index 10 with term 2
2025/12/08 16:53:38 Leader 1 receive a command from client with index 53 with term 1
2025/12/08 16:53:38 Leader 1 send entries start = 2, end = 54 to Follower 4
2025/12/08 16:53:38 Leader 1 send entries start = 2, end = 54 to Follower 0
2025/12/08 16:53:38 Leader 1 send entries start = 3, end = 54 to Follower 2
2025/12/08 16:53:38 Leader 0 send entries start = 6, end = 11 to Follower 4
2025/12/08 16:53:38 Leader 0 send entries start = 7, end = 11 to Follower 2
2025/12/08 16:53:38 Leader 0 send entries start = 6, end = 11 to Follower 3
2025/12/08 16:53:38 Leader 0 send entries start = 4, end = 11 to Follower 1
2025/12/08 16:53:38 Leader 1 send entries start = 2, end = 54 to Follower 3
2025/12/08 16:53:38 Leader 0 receive a command from client with index 11 with term 2
2025/12/08 16:53:38 Leader 1 receive a command from client with index 54 with term 1
2025/12/08 16:53:38 Leader 1 send entries start = 2, end = 55 to Follower 4
2025/12/08 16:53:38 Leader 0 send entries start = 6, end = 12 to Follower 4
2025/12/08 16:53:38 Leader 0 send entries start = 4, end = 12 to Follower 1
2025/12/08 16:53:38 Leader 0 send entries start = 7, end = 12 to Follower 2
2025/12/08 16:53:38 Leader 1 send entries start = 2, end = 55 to Follower 0
2025/12/08 16:53:38 Leader 0 send entries start = 6, end = 12 to Follower 3
2025/12/08 16:53:38 Leader 1 send entries start = 3, end = 55 to Follower 2
2025/12/08 16:53:38 Leader 0 send entries start = 6, end = 12 to Follower 4
2025/12/08 16:53:38 Leader 1 send entries start = 2, end = 55 to Follower 3
2025/12/08 16:53:38 Leader 0 send entries start = 4, end = 12 to Follower 1
2025/12/08 16:53:38 Leader 0 send entries start = 7, end = 12 to Follower 2
2025/12/08 16:53:38 Leader 0 send entries start = 6, end = 12 to Follower 3
2025/12/08 16:53:38 Leader 1 send entries start = 2, end = 55 to Follower 4
2025/12/08 16:53:38 Leader 1 send entries start = 2, end = 55 to Follower 3
2025/12/08 16:53:38 Leader 1 send entries start = 3, end = 55 to Follower 2
2025/12/08 16:53:38 Leader 1 send entries start = 2, end = 55 to Follower 0
2025/12/08 16:53:38 Leader 0 receive a command from client with index 12 with term 2
2025/12/08 16:53:38 Leader 1 receive a command from client with index 55 with term 1
2025/12/08 16:53:38 Leader 1 send entries start = 2, end = 56 to Follower 4
2025/12/08 16:53:38 Leader 1 send entries start = 2, end = 56 to Follower 0
2025/12/08 16:53:38 Leader 1 send entries start = 3, end = 56 to Follower 2
2025/12/08 16:53:38 Leader 0 send entries start = 6, end = 13 to Follower 4
2025/12/08 16:53:38 Leader 1 send entries start = 2, end = 56 to Follower 3
2025/12/08 16:53:38 Leader 0 send entries start = 7, end = 13 to Follower 2
2025/12/08 16:53:38 Leader 0 send entries start = 6, end = 13 to Follower 3
2025/12/08 16:53:38 Leader 0 send entries start = 4, end = 13 to Follower 1
2025/12/08 16:53:38 Leader 0 receive a command from client with index 13 with term 2
2025/12/08 16:53:38 Leader 1 receive a command from client with index 56 with term 1
2025/12/08 16:53:38 Leader 1 send entries start = 2, end = 57 to Follower 4
2025/12/08 16:53:38 Leader 0 send entries start = 6, end = 14 to Follower 4
2025/12/08 16:53:38 Leader 1 send entries start = 2, end = 57 to Follower 0
2025/12/08 16:53:38 Leader 1 send entries start = 3, end = 57 to Follower 2
2025/12/08 16:53:38 Leader 1 send entries start = 2, end = 57 to Follower 3
2025/12/08 16:53:38 Leader 0 send entries start = 4, end = 14 to Follower 1
2025/12/08 16:53:38 Leader 0 send entries start = 7, end = 14 to Follower 2
2025/12/08 16:53:38 Leader 0 send entries start = 6, end = 14 to Follower 3
2025/12/08 16:53:38 Leader 0 receive a command from client with index 14 with term 2
2025/12/08 16:53:38 Leader 1 receive a command from client with index 57 with term 1
2025/12/08 16:53:38 Leader 1 send entries start = 2, end = 58 to Follower 4
2025/12/08 16:53:38 Leader 1 send entries start = 2, end = 58 to Follower 0
2025/12/08 16:53:38 Leader 0 send entries start = 6, end = 15 to Follower 4
2025/12/08 16:53:38 Leader 0 send entries start = 7, end = 15 to Follower 2
2025/12/08 16:53:38 Leader 1 send entries start = 3, end = 58 to Follower 2
2025/12/08 16:53:38 Leader 0 send entries start = 6, end = 15 to Follower 3
2025/12/08 16:53:38 Leader 1 send entries start = 2, end = 58 to Follower 3
2025/12/08 16:53:38 Leader 0 send entries start = 4, end = 15 to Follower 1
2025/12/08 16:53:38 Leader 0 receive a command from client with index 15 with term 2
2025/12/08 16:53:38 Leader 1 receive a command from client with index 58 with term 1
2025/12/08 16:53:38 Leader 1 send entries start = 2, end = 59 to Follower 4
2025/12/08 16:53:38 Leader 1 send entries start = 2, end = 59 to Follower 0
2025/12/08 16:53:38 Leader 1 send entries start = 2, end = 59 to Follower 3
2025/12/08 16:53:38 Leader 1 send entries start = 3, end = 59 to Follower 2
2025/12/08 16:53:38 Leader 0 send entries start = 6, end = 16 to Follower 4
2025/12/08 16:53:38 Leader 0 send entries start = 7, end = 16 to Follower 2
2025/12/08 16:53:38 Leader 0 send entries start = 4, end = 16 to Follower 1
2025/12/08 16:53:38 Leader 0 send entries start = 6, end = 16 to Follower 3
2025/12/08 16:53:38 Leader 0 receive a command from client with index 16 with term 2
2025/12/08 16:53:38 Leader 1 receive a command from client with index 59 with term 1
2025/12/08 16:53:38 Leader 1 send entries start = 2, end = 60 to Follower 4
2025/12/08 16:53:38 Leader 1 send entries start = 2, end = 60 to Follower 0
2025/12/08 16:53:38 Leader 1 send entries start = 3, end = 60 to Follower 2
2025/12/08 16:53:38 Leader 1 send entries start = 2, end = 60 to Follower 3
2025/12/08 16:53:38 Leader 0 send entries start = 6, end = 17 to Follower 4
2025/12/08 16:53:38 Leader 0 send entries start = 7, end = 17 to Follower 2
2025/12/08 16:53:38 Leader 0 send entries start = 6, end = 17 to Follower 3
2025/12/08 16:53:38 Leader 0 send entries start = 4, end = 17 to Follower 1
2025/12/08 16:53:38 Leader 0 receive a command from client with index 17 with term 2
2025/12/08 16:53:38 Leader 1 receive a command from client with index 60 with term 1
2025/12/08 16:53:38 Leader 1 send entries start = 2, end = 61 to Follower 4
2025/12/08 16:53:38 Leader 1 send entries start = 2, end = 61 to Follower 0
2025/12/08 16:53:38 Leader 0 send entries start = 6, end = 18 to Follower 4
2025/12/08 16:53:38 Leader 1 send entries start = 3, end = 61 to Follower 2
2025/12/08 16:53:38 Leader 0 send entries start = 4, end = 18 to Follower 1
2025/12/08 16:53:38 Leader 1 send entries start = 2, end = 61 to Follower 3
2025/12/08 16:53:38 Leader 0 send entries start = 7, end = 18 to Follower 2
2025/12/08 16:53:38 Leader 0 send entries start = 6, end = 18 to Follower 3
2025/12/08 16:53:38 Leader 0 receive a command from client with index 18 with term 2
2025/12/08 16:53:38 Leader 1 receive a command from client with index 61 with term 1
2025/12/08 16:53:38 Leader 1 send entries start = 2, end = 62 to Follower 4
2025/12/08 16:53:38 Leader 0 send entries start = 6, end = 19 to Follower 4
2025/12/08 16:53:38 Leader 0 send entries start = 4, end = 19 to Follower 1
2025/12/08 16:53:38 Leader 1 send entries start = 3, end = 62 to Follower 2
2025/12/08 16:53:38 Leader 0 send entries start = 7, end = 19 to Follower 2
2025/12/08 16:53:38 Leader 0 send entries start = 6, end = 19 to Follower 3
2025/12/08 16:53:38 Leader 1 send entries start = 2, end = 62 to Follower 3
2025/12/08 16:53:38 Leader 1 send entries start = 2, end = 62 to Follower 0
2025/12/08 16:53:39 Leader 0 receive a command from client with index 19 with term 2
2025/12/08 16:53:39 Leader 1 receive a command from client with index 62 with term 1
2025/12/08 16:53:39 Leader 1 send entries start = 2, end = 63 to Follower 4
2025/12/08 16:53:39 Leader 1 send entries start = 3, end = 63 to Follower 2
2025/12/08 16:53:39 Leader 0 send entries start = 6, end = 20 to Follower 4
2025/12/08 16:53:39 Leader 0 send entries start = 4, end = 20 to Follower 1
2025/12/08 16:53:39 Leader 1 send entries start = 2, end = 63 to Follower 0
2025/12/08 16:53:39 Leader 0 send entries start = 7, end = 20 to Follower 2
2025/12/08 16:53:39 Leader 1 send entries start = 2, end = 63 to Follower 3
2025/12/08 16:53:39 Leader 0 send entries start = 6, end = 20 to Follower 3
2025/12/08 16:53:39 Leader 0 receive a command from client with index 20 with term 2
2025/12/08 16:53:39 Leader 1 receive a command from client with index 63 with term 1
2025/12/08 16:53:39 Leader 1 send entries start = 2, end = 64 to Follower 4
2025/12/08 16:53:39 Leader 0 send entries start = 6, end = 21 to Follower 4
2025/12/08 16:53:39 Leader 0 send entries start = 4, end = 21 to Follower 1
2025/12/08 16:53:39 Leader 1 send entries start = 3, end = 64 to Follower 2
2025/12/08 16:53:39 Leader 0 send entries start = 7, end = 21 to Follower 2
2025/12/08 16:53:39 Leader 0 send entries start = 6, end = 21 to Follower 3
2025/12/08 16:53:39 Leader 1 send entries start = 2, end = 64 to Follower 0
2025/12/08 16:53:39 Leader 1 send entries start = 2, end = 64 to Follower 3
2025/12/08 16:53:39 Leader 0 receive a command from client with index 21 with term 2
2025/12/08 16:53:39 Leader 1 receive a command from client with index 64 with term 1
2025/12/08 16:53:39 Leader 1 send entries start = 2, end = 65 to Follower 4
2025/12/08 16:53:39 Leader 1 send entries start = 3, end = 65 to Follower 2
2025/12/08 16:53:39 Leader 0 send entries start = 6, end = 22 to Follower 4
2025/12/08 16:53:39 Leader 1 send entries start = 2, end = 65 to Follower 3
2025/12/08 16:53:39 Leader 0 send entries start = 7, end = 22 to Follower 2
2025/12/08 16:53:39 Leader 1 send entries start = 2, end = 65 to Follower 0
2025/12/08 16:53:39 Leader 0 send entries start = 6, end = 22 to Follower 3
2025/12/08 16:53:39 Leader 0 send entries start = 4, end = 22 to Follower 1
2025/12/08 16:53:39 Leader 0 receive a command from client with index 22 with term 2
2025/12/08 16:53:39 Leader 1 receive a command from client with index 65 with term 1
2025/12/08 16:53:39 Leader 1 send entries start = 2, end = 66 to Follower 4
2025/12/08 16:53:39 Leader 1 send entries start = 3, end = 66 to Follower 2
2025/12/08 16:53:39 Leader 0 send entries start = 6, end = 23 to Follower 4
2025/12/08 16:53:39 Leader 1 send entries start = 2, end = 66 to Follower 3
2025/12/08 16:53:39 Leader 0 send entries start = 6, end = 23 to Follower 3
2025/12/08 16:53:39 Leader 1 send entries start = 2, end = 66 to Follower 0
2025/12/08 16:53:39 Leader 0 send entries start = 7, end = 23 to Follower 2
2025/12/08 16:53:39 Leader 0 send entries start = 4, end = 23 to Follower 1
2025/12/08 16:53:39 Leader 0 receive a command from client with index 23 with term 2
2025/12/08 16:53:39 Leader 1 receive a command from client with index 66 with term 1
2025/12/08 16:53:39 Leader 1 send entries start = 2, end = 67 to Follower 4
2025/12/08 16:53:39 Leader 0 send entries start = 6, end = 24 to Follower 4
2025/12/08 16:53:39 Leader 1 send entries start = 3, end = 67 to Follower 2
2025/12/08 16:53:39 Leader 0 send entries start = 7, end = 24 to Follower 2
2025/12/08 16:53:39 Leader 1 send entries start = 2, end = 67 to Follower 0
2025/12/08 16:53:39 Leader 0 send entries start = 4, end = 24 to Follower 1
2025/12/08 16:53:39 Leader 1 send entries start = 2, end = 67 to Follower 3
2025/12/08 16:53:39 Leader 0 send entries start = 6, end = 24 to Follower 3
2025/12/08 16:53:39 Leader 0 receive a command from client with index 24 with term 2
2025/12/08 16:53:39 Leader 1 receive a command from client with index 67 with term 1
2025/12/08 16:53:39 Leader 1 send entries start = 2, end = 68 to Follower 4
2025/12/08 16:53:39 Leader 0 send entries start = 6, end = 25 to Follower 4
2025/12/08 16:53:39 Leader 0 send entries start = 4, end = 25 to Follower 1
2025/12/08 16:53:39 Leader 1 send entries start = 3, end = 68 to Follower 2
2025/12/08 16:53:39 Leader 0 send entries start = 6, end = 25 to Follower 3
2025/12/08 16:53:39 Leader 0 send entries start = 7, end = 25 to Follower 2
2025/12/08 16:53:39 Leader 1 send entries start = 2, end = 68 to Follower 3
2025/12/08 16:53:39 Leader 1 send entries start = 2, end = 68 to Follower 0
2025/12/08 16:53:39 Leader 1 send entries start = 2, end = 68 to Follower 4
2025/12/08 16:53:39 Leader 1 send entries start = 3, end = 68 to Follower 2
2025/12/08 16:53:39 Leader 1 send entries start = 2, end = 68 to Follower 0
2025/12/08 16:53:39 Leader 1 send entries start = 2, end = 68 to Follower 3
2025/12/08 16:53:39 Leader 0 send entries start = 6, end = 25 to Follower 4
2025/12/08 16:53:39 Leader 0 send entries start = 4, end = 25 to Follower 1
2025/12/08 16:53:39 Leader 0 send entries start = 6, end = 25 to Follower 3
2025/12/08 16:53:39 Leader 0 send entries start = 7, end = 25 to Follower 2
2025/12/08 16:53:39 Leader 0 receive a command from client with index 25 with term 2
2025/12/08 16:53:39 Leader 0 send entries start = 6, end = 26 to Follower 4
2025/12/08 16:53:39 Leader 0 send entries start = 7, end = 26 to Follower 2
2025/12/08 16:53:39 Leader 0 send entries start = 4, end = 26 to Follower 1
2025/12/08 16:53:39 Leader 1 receive a command from client with index 68 with term 1
2025/12/08 16:53:39 Leader 0 send entries start = 6, end = 26 to Follower 3
2025/12/08 16:53:39 Leader 1 send entries start = 2, end = 69 to Follower 4
2025/12/08 16:53:39 Leader 1 send entries start = 2, end = 69 to Follower 0
2025/12/08 16:53:39 Leader 1 send entries start = 3, end = 69 to Follower 2
2025/12/08 16:53:39 Leader 1 send entries start = 2, end = 69 to Follower 3
2025/12/08 16:53:39 Leader 0 receive a command from client with index 26 with term 2
2025/12/08 16:53:39 Leader 1 receive a command from client with index 69 with term 1
2025/12/08 16:53:39 Leader 1 send entries start = 2, end = 70 to Follower 4
2025/12/08 16:53:39 Leader 1 send entries start = 2, end = 70 to Follower 0
2025/12/08 16:53:39 Leader 1 send entries start = 3, end = 70 to Follower 2
2025/12/08 16:53:39 Leader 0 send entries start = 6, end = 27 to Follower 4
2025/12/08 16:53:39 Leader 1 send entries start = 2, end = 70 to Follower 3
2025/12/08 16:53:39 Leader 0 send entries start = 7, end = 27 to Follower 2
2025/12/08 16:53:39 Leader 0 send entries start = 6, end = 27 to Follower 3
2025/12/08 16:53:39 Leader 0 send entries start = 4, end = 27 to Follower 1
2025/12/08 16:53:39 Leader 0 receive a command from client with index 27 with term 2
2025/12/08 16:53:39 Leader 1 receive a command from client with index 70 with term 1
2025/12/08 16:53:39 Leader 1 send entries start = 2, end = 71 to Follower 4
2025/12/08 16:53:39 Leader 1 send entries start = 2, end = 71 to Follower 0
2025/12/08 16:53:39 Leader 1 send entries start = 3, end = 71 to Follower 2
2025/12/08 16:53:39 Leader 0 send entries start = 6, end = 28 to Follower 4
2025/12/08 16:53:39 Leader 1 send entries start = 2, end = 71 to Follower 3
2025/12/08 16:53:39 Leader 0 send entries start = 7, end = 28 to Follower 2
2025/12/08 16:53:39 Leader 0 send entries start = 6, end = 28 to Follower 3
2025/12/08 16:53:39 Leader 0 send entries start = 4, end = 28 to Follower 1
2025/12/08 16:53:39 Leader 0 receive a command from client with index 28 with term 2
2025/12/08 16:53:39 Leader 1 receive a command from client with index 71 with term 1
2025/12/08 16:53:39 Leader 1 send entries start = 2, end = 72 to Follower 4
2025/12/08 16:53:39 Leader 1 send entries start = 3, end = 72 to Follower 2
2025/12/08 16:53:39 Leader 0 send entries start = 6, end = 29 to Follower 4
2025/12/08 16:53:39 Leader 0 send entries start = 4, end = 29 to Follower 1
2025/12/08 16:53:39 Leader 1 send entries start = 2, end = 72 to Follower 0
2025/12/08 16:53:39 Leader 0 send entries start = 7, end = 29 to Follower 2
2025/12/08 16:53:39 Leader 1 send entries start = 2, end = 72 to Follower 3
2025/12/08 16:53:39 Leader 0 send entries start = 6, end = 29 to Follower 3
2025/12/08 16:53:39 Leader 0 receive a command from client with index 29 with term 2
2025/12/08 16:53:39 Leader 1 receive a command from client with index 72 with term 1
2025/12/08 16:53:39 Leader 0 receive a command from client with index 30 with term 2
2025/12/08 16:53:39 Leader 1 receive a command from client with index 73 with term 1
2025/12/08 16:53:39 Leader 1 send entries start = 2, end = 73 to Follower 4
2025/12/08 16:53:39 Leader 1 send entries start = 2, end = 74 to Follower 4
2025/12/08 16:53:39 Leader 1 send entries start = 3, end = 73 to Follower 2
2025/12/08 16:53:39 Leader 0 send entries start = 6, end = 30 to Follower 4
2025/12/08 16:53:39 Leader 0 send entries start = 4, end = 30 to Follower 1
2025/12/08 16:53:39 Leader 0 send entries start = 7, end = 30 to Follower 2
2025/12/08 16:53:39 Leader 1 send entries start = 2, end = 74 to Follower 0
2025/12/08 16:53:39 Leader 0 send entries start = 6, end = 30 to Follower 3
2025/12/08 16:53:39 Leader 0 send entries start = 6, end = 31 to Follower 4
2025/12/08 16:53:39 Leader 1 send entries start = 2, end = 73 to Follower 3
2025/12/08 16:53:39 Leader 0 send entries start = 4, end = 31 to Follower 1
2025/12/08 16:53:39 Leader 1 send entries start = 3, end = 74 to Follower 2
2025/12/08 16:53:39 Leader 0 send entries start = 7, end = 31 to Follower 2
2025/12/08 16:53:39 Leader 1 send entries start = 2, end = 73 to Follower 0
2025/12/08 16:53:39 Leader 0 send entries start = 6, end = 31 to Follower 3
2025/12/08 16:53:39 Leader 1 send entries start = 2, end = 74 to Follower 3
2025/12/08 16:53:39 Leader 0 receive a command from client with index 31 with term 2
2025/12/08 16:53:39 Leader 1 receive a command from client with index 74 with term 1
2025/12/08 16:53:39 Leader 1 send entries start = 2, end = 75 to Follower 4
2025/12/08 16:53:39 Leader 1 send entries start = 2, end = 75 to Follower 0
2025/12/08 16:53:39 Leader 1 send entries start = 2, end = 75 to Follower 3
2025/12/08 16:53:39 Leader 1 send entries start = 3, end = 75 to Follower 2
2025/12/08 16:53:39 Leader 0 send entries start = 4, end = 32 to Follower 1
2025/12/08 16:53:39 Leader 0 send entries start = 6, end = 32 to Follower 3
2025/12/08 16:53:39 Leader 0 send entries start = 6, end = 32 to Follower 4
2025/12/08 16:53:39 Leader 0 send entries start = 7, end = 32 to Follower 2
2025/12/08 16:53:39 Leader 0 receive a command from client with index 32 with term 2
2025/12/08 16:53:39 Leader 1 receive a command from client with index 75 with term 1
2025/12/08 16:53:39 Leader 1 send entries start = 2, end = 76 to Follower 4
2025/12/08 16:53:39 Leader 1 send entries start = 3, end = 76 to Follower 2
2025/12/08 16:53:39 Leader 1 send entries start = 2, end = 76 to Follower 0
2025/12/08 16:53:39 Leader 1 send entries start = 2, end = 76 to Follower 3
2025/12/08 16:53:39 Leader 0 send entries start = 6, end = 33 to Follower 4
2025/12/08 16:53:39 Leader 0 send entries start = 4, end = 33 to Follower 1
2025/12/08 16:53:39 Leader 0 send entries start = 7, end = 33 to Follower 2
2025/12/08 16:53:39 Leader 0 send entries start = 6, end = 33 to Follower 3
2025/12/08 16:53:39 Leader 0 receive a command from client with index 33 with term 2
2025/12/08 16:53:39 Leader 1 receive a command from client with index 76 with term 1
2025/12/08 16:53:39 Leader 1 send entries start = 2, end = 77 to Follower 4
2025/12/08 16:53:39 Leader 1 send entries start = 2, end = 77 to Follower 0
2025/12/08 16:53:39 Leader 0 send entries start = 6, end = 34 to Follower 4
2025/12/08 16:53:39 Leader 0 send entries start = 7, end = 34 to Follower 2
2025/12/08 16:53:39 Leader 1 send entries start = 3, end = 77 to Follower 2
2025/12/08 16:53:39 Leader 0 send entries start = 6, end = 34 to Follower 3
2025/12/08 16:53:39 Leader 1 send entries start = 2, end = 77 to Follower 3
2025/12/08 16:53:39 Leader 0 send entries start = 4, end = 34 to Follower 1
2025/12/08 16:53:39 Leader 0 receive a command from client with index 34 with term 2
2025/12/08 16:53:39 Leader 1 receive a command from client with index 77 with term 1
2025/12/08 16:53:39 Leader 1 send entries start = 2, end = 78 to Follower 4
2025/12/08 16:53:39 Leader 1 send entries start = 2, end = 78 to Follower 3
2025/12/08 16:53:39 Leader 1 send entries start = 3, end = 78 to Follower 2
2025/12/08 16:53:39 Leader 0 send entries start = 6, end = 35 to Follower 4
2025/12/08 16:53:39 Leader 1 send entries start = 2, end = 78 to Follower 0
2025/12/08 16:53:39 Leader 0 send entries start = 4, end = 35 to Follower 1
2025/12/08 16:53:39 Leader 0 send entries start = 7, end = 35 to Follower 2
2025/12/08 16:53:39 Leader 0 send entries start = 6, end = 35 to Follower 3
2025/12/08 16:53:39 Leader 0 receive a command from client with index 35 with term 2
2025/12/08 16:53:39 Leader 1 receive a command from client with index 78 with term 1
2025/12/08 16:53:39 Leader 0 send entries start = 6, end = 36 to Follower 4
2025/12/08 16:53:39 Leader 1 send entries start = 2, end = 79 to Follower 4
2025/12/08 16:53:39 Leader 0 send entries start = 7, end = 36 to Follower 2
2025/12/08 16:53:39 Leader 0 send entries start = 4, end = 36 to Follower 1
2025/12/08 16:53:39 Leader 1 send entries start = 3, end = 79 to Follower 2
2025/12/08 16:53:39 Leader 1 send entries start = 2, end = 79 to Follower 3
2025/12/08 16:53:39 Leader 0 send entries start = 6, end = 36 to Follower 3
2025/12/08 16:53:39 Leader 1 send entries start = 2, end = 79 to Follower 0
2025/12/08 16:53:39 Leader 1 send entries start = 2, end = 79 to Follower 4
2025/12/08 16:53:39 Leader 1 send entries start = 3, end = 79 to Follower 2
2025/12/08 16:53:39 Leader 1 send entries start = 2, end = 79 to Follower 3
2025/12/08 16:53:39 Leader 1 send entries start = 2, end = 79 to Follower 0
2025/12/08 16:53:39 Leader 0 send entries start = 6, end = 36 to Follower 4
2025/12/08 16:53:39 Leader 0 send entries start = 7, end = 36 to Follower 2
2025/12/08 16:53:39 Leader 0 send entries start = 4, end = 36 to Follower 1
2025/12/08 16:53:39 Leader 0 send entries start = 6, end = 36 to Follower 3
2025/12/08 16:53:39 Leader 0 receive a command from client with index 36 with term 2
2025/12/08 16:53:39 Leader 1 receive a command from client with index 79 with term 1
2025/12/08 16:53:39 Leader 1 send entries start = 2, end = 80 to Follower 4
2025/12/08 16:53:39 Leader 1 send entries start = 2, end = 80 to Follower 0
2025/12/08 16:53:39 Leader 0 send entries start = 6, end = 37 to Follower 4
2025/12/08 16:53:39 Leader 1 send entries start = 3, end = 80 to Follower 2
2025/12/08 16:53:39 Leader 1 send entries start = 2, end = 80 to Follower 3
2025/12/08 16:53:39 Leader 0 send entries start = 4, end = 37 to Follower 1
2025/12/08 16:53:39 Leader 0 send entries start = 7, end = 37 to Follower 2
2025/12/08 16:53:39 Leader 0 send entries start = 6, end = 37 to Follower 3
2025/12/08 16:53:39 Leader 0 receive a command from client with index 37 with term 2
2025/12/08 16:53:39 Leader 1 receive a command from client with index 80 with term 1
2025/12/08 16:53:39 Leader 1 send entries start = 2, end = 81 to Follower 4
2025/12/08 16:53:39 Leader 1 send entries start = 2, end = 81 to Follower 0
2025/12/08 16:53:39 Leader 0 send entries start = 6, end = 38 to Follower 4
2025/12/08 16:53:39 Leader 0 send entries start = 7, end = 38 to Follower 2
2025/12/08 16:53:39 Leader 1 send entries start = 3, end = 81 to Follower 2
2025/12/08 16:53:39 Leader 0 send entries start = 4, end = 38 to Follower 1
2025/12/08 16:53:39 Leader 0 send entries start = 6, end = 38 to Follower 3
2025/12/08 16:53:39 Leader 1 send entries start = 2, end = 81 to Follower 3
2025/12/08 16:53:39 Leader 0 receive a command from client with index 38 with term 2
2025/12/08 16:53:39 Leader 1 receive a command from client with index 81 with term 1
2025/12/08 16:53:39 Leader 1 send entries start = 2, end = 82 to Follower 4
2025/12/08 16:53:39 Leader 1 send entries start = 2, end = 82 to Follower 0
2025/12/08 16:53:39 Leader 1 send entries start = 3, end = 82 to Follower 2
2025/12/08 16:53:39 Leader 0 send entries start = 4, end = 39 to Follower 1
2025/12/08 16:53:39 Leader 0 send entries start = 6, end = 39 to Follower 4
2025/12/08 16:53:39 Leader 1 send entries start = 2, end = 82 to Follower 3
2025/12/08 16:53:39 Leader 0 send entries start = 7, end = 39 to Follower 2
2025/12/08 16:53:39 Leader 0 send entries start = 6, end = 39 to Follower 3
2025/12/08 16:53:39 Leader 0 receive a command from client with index 39 with term 2
2025/12/08 16:53:39 Leader 1 receive a command from client with index 82 with term 1
2025/12/08 16:53:39 Leader 1 send entries start = 2, end = 83 to Follower 4
2025/12/08 16:53:39 Leader 1 send entries start = 2, end = 83 to Follower 0
2025/12/08 16:53:39 Leader 0 send entries start = 6, end = 40 to Follower 4
2025/12/08 16:53:39 Leader 0 send entries start = 4, end = 40 to Follower 1
2025/12/08 16:53:39 Leader 1 send entries start = 3, end = 83 to Follower 2
2025/12/08 16:53:39 Leader 0 send entries start = 7, end = 40 to Follower 2
2025/12/08 16:53:39 Leader 1 send entries start = 2, end = 83 to Follower 3
2025/12/08 16:53:39 Leader 0 send entries start = 6, end = 40 to Follower 3
2025/12/08 16:53:39 Candidate 4 starts an election with term 3
2025/12/08 16:53:39 Candidate 4's log: [{<nil> 0} {7948 1} {8227 1} {5091 1} {4298 2}]
2025/12/08 16:53:39 2 find a higher term, change to FOLLOWER state
2025/12/08 16:53:39 Server 2 reject 4 for it's log is more up-to-date
2025/12/08 16:53:39 lastLogTerm: Server 2: 2 VS Candidate 4: 2, result: false
2025/12/08 16:53:39 lastLogIndex: Server 2: 5 VS Candidate 4: 4, result: true
2025/12/08 16:53:39 Leader 1 send entries start = 2, end = 83 to Follower 4
2025/12/08 16:53:39 Leader 1 send entries start = 3, end = 83 to Follower 2
2025/12/08 16:53:39 Leader 1 send entries start = 2, end = 83 to Follower 3
2025/12/08 16:53:39 Leader 1 send entries start = 2, end = 83 to Follower 0
2025/12/08 16:53:39 Leader 0 send entries start = 6, end = 40 to Follower 4
2025/12/08 16:53:39 3 find a higher term, change to FOLLOWER state
2025/12/08 16:53:39 Leader 0 send entries start = 7, end = 40 to Follower 2
2025/12/08 16:53:39 Follower 3's log: [{<nil> 0} {7948 1} {8227 1} {5091 1} {4298 2}]
2025/12/08 16:53:39 lastLogTerm: Server 3: 2 VS Candidate 4: 2, result: false
2025/12/08 16:53:39 lastLogIndex: Server 3: 4 VS Candidate 4: 4, result: false
2025/12/08 16:53:39 Leader 0 send entries start = 6, end = 40 to Follower 3
2025/12/08 16:53:39 Leader 0 send entries start = 4, end = 40 to Follower 1
2025/12/08 16:53:39 Candidate 2 starts an election with term 4
2025/12/08 16:53:39 Candidate 2's log: [{<nil> 0} {7948 1} {8227 1} {5091 1} {4298 2} {7859 2}]
2025/12/08 16:53:39 3 find a higher term, change to FOLLOWER state
2025/12/08 16:53:39 Follower 3's log: [{<nil> 0} {7948 1} {8227 1} {5091 1} {4298 2}]
2025/12/08 16:53:39 lastLogTerm: Server 3: 2 VS Candidate 2: 2, result: false
2025/12/08 16:53:39 lastLogIndex: Server 3: 4 VS Candidate 2: 5, result: false
2025/12/08 16:53:39 4 find a higher term, change to FOLLOWER state
2025/12/08 16:53:39 Follower 4's log: [{<nil> 0} {7948 1} {8227 1} {5091 1} {4298 2}]
2025/12/08 16:53:39 lastLogTerm: Server 4: 2 VS Candidate 2: 2, result: false
2025/12/08 16:53:39 lastLogIndex: Server 4: 4 VS Candidate 2: 5, result: false
2025/12/08 16:53:39 Leader 1 send entries start = 2, end = 83 to Follower 4
2025/12/08 16:53:39 Leader 1 send entries start = 3, end = 83 to Follower 2
2025/12/08 16:53:39 Leader 1 send entries start = 2, end = 83 to Follower 3
2025/12/08 16:53:39 Leader 1 send entries start = 2, end = 83 to Follower 0
2025/12/08 16:53:40 Leader 0 send entries start = 6, end = 40 to Follower 4
2025/12/08 16:53:40 Leader 0 send entries start = 7, end = 40 to Follower 2
2025/12/08 16:53:40 Leader 0 send entries start = 4, end = 40 to Follower 1
2025/12/08 16:53:40 Leader 0 send entries start = 6, end = 40 to Follower 3
2025/12/08 16:53:40 Leader 0 receive a command from client with index 40 with term 2
2025/12/08 16:53:40 Leader 1 receive a command from client with index 83 with term 1
2025/12/08 16:53:40 Leader 1 send entries start = 2, end = 84 to Follower 4
2025/12/08 16:53:40 Leader 1 send entries start = 2, end = 84 to Follower 0
2025/12/08 16:53:40 Leader 1 send entries start = 3, end = 84 to Follower 2
2025/12/08 16:53:40 Leader 1 send entries start = 2, end = 84 to Follower 3
2025/12/08 16:53:40 Leader 0 send entries start = 6, end = 41 to Follower 4
2025/12/08 16:53:40 Leader 0 send entries start = 6, end = 41 to Follower 3
2025/12/08 16:53:40 Leader 0 send entries start = 7, end = 41 to Follower 2
2025/12/08 16:53:40 Leader 0 send entries start = 4, end = 41 to Follower 1
2025/12/08 16:53:40 Leader 0 receive a command from client with index 41 with term 2
2025/12/08 16:53:40 Leader 1 receive a command from client with index 84 with term 1
2025/12/08 16:53:40 Leader 1 send entries start = 2, end = 85 to Follower 4
2025/12/08 16:53:40 Leader 0 send entries start = 6, end = 42 to Follower 4
2025/12/08 16:53:40 Leader 1 send entries start = 3, end = 85 to Follower 2
2025/12/08 16:53:40 Leader 1 send entries start = 2, end = 85 to Follower 0
2025/12/08 16:53:40 Leader 0 send entries start = 4, end = 42 to Follower 1
2025/12/08 16:53:40 Leader 1 send entries start = 2, end = 85 to Follower 3
2025/12/08 16:53:40 Leader 0 send entries start = 7, end = 42 to Follower 2
2025/12/08 16:53:40 Leader 0 send entries start = 6, end = 42 to Follower 3
2025/12/08 16:53:40 Leader 0 receive a command from client with index 42 with term 2
2025/12/08 16:53:40 Leader 1 receive a command from client with index 85 with term 1
2025/12/08 16:53:40 Leader 1 send entries start = 2, end = 86 to Follower 4
2025/12/08 16:53:40 Leader 0 send entries start = 6, end = 43 to Follower 4
2025/12/08 16:53:40 Leader 1 send entries start = 3, end = 86 to Follower 2
2025/12/08 16:53:40 Leader 0 send entries start = 7, end = 43 to Follower 2
2025/12/08 16:53:40 Leader 0 send entries start = 6, end = 43 to Follower 3
2025/12/08 16:53:40 Leader 1 send entries start = 2, end = 86 to Follower 3
2025/12/08 16:53:40 Leader 0 send entries start = 4, end = 43 to Follower 1
2025/12/08 16:53:40 Leader 1 send entries start = 2, end = 86 to Follower 0
2025/12/08 16:53:40 Leader 0 receive a command from client with index 43 with term 2
2025/12/08 16:53:40 Leader 1 receive a command from client with index 86 with term 1
2025/12/08 16:53:40 Leader 1 send entries start = 2, end = 87 to Follower 4
2025/12/08 16:53:40 Leader 0 send entries start = 6, end = 44 to Follower 4
2025/12/08 16:53:40 Leader 1 send entries start = 2, end = 87 to Follower 0
2025/12/08 16:53:40 Leader 0 send entries start = 4, end = 44 to Follower 1
2025/12/08 16:53:40 Leader 0 send entries start = 7, end = 44 to Follower 2
2025/12/08 16:53:40 Leader 1 send entries start = 2, end = 87 to Follower 3
2025/12/08 16:53:40 Leader 0 send entries start = 6, end = 44 to Follower 3
2025/12/08 16:53:40 Leader 1 send entries start = 3, end = 87 to Follower 2
2025/12/08 16:53:40 Leader 0 receive a command from client with index 44 with term 2
2025/12/08 16:53:40 Leader 1 receive a command from client with index 87 with term 1
2025/12/08 16:53:40 Leader 0 send entries start = 6, end = 45 to Follower 4
2025/12/08 16:53:40 Leader 0 send entries start = 7, end = 45 to Follower 2
2025/12/08 16:53:40 Leader 1 send entries start = 2, end = 88 to Follower 4
2025/12/08 16:53:40 Leader 0 send entries start = 6, end = 45 to Follower 3
2025/12/08 16:53:40 Leader 0 send entries start = 4, end = 45 to Follower 1
2025/12/08 16:53:40 Leader 1 send entries start = 3, end = 88 to Follower 2
2025/12/08 16:53:40 Leader 1 send entries start = 2, end = 88 to Follower 0
2025/12/08 16:53:40 Leader 1 send entries start = 2, end = 88 to Follower 3
2025/12/08 16:53:40 Leader 0 receive a command from client with index 45 with term 2
2025/12/08 16:53:40 Leader 1 receive a command from client with index 88 with term 1
2025/12/08 16:53:40 Leader 1 send entries start = 2, end = 89 to Follower 4
2025/12/08 16:53:40 Leader 1 send entries start = 2, end = 89 to Follower 0
2025/12/08 16:53:40 Leader 1 send entries start = 3, end = 89 to Follower 2
2025/12/08 16:53:40 Leader 0 send entries start = 6, end = 46 to Follower 4
2025/12/08 16:53:40 Leader 0 send entries start = 7, end = 46 to Follower 2
2025/12/08 16:53:40 Leader 1 send entries start = 2, end = 89 to Follower 3
2025/12/08 16:53:40 Leader 0 send entries start = 4, end = 46 to Follower 1
2025/12/08 16:53:40 Leader 0 send entries start = 6, end = 46 to Follower 3
2025/12/08 16:53:40 Leader 0 receive a command from client with index 46 with term 2
2025/12/08 16:53:40 Leader 0 send entries start = 6, end = 47 to Follower 4
2025/12/08 16:53:40 Leader 0 send entries start = 7, end = 47 to Follower 2
2025/12/08 16:53:40 Leader 0 send entries start = 4, end = 47 to Follower 1
2025/12/08 16:53:40 Leader 1 receive a command from client with index 89 with term 1
2025/12/08 16:53:40 Leader 1 send entries start = 2, end = 90 to Follower 4
2025/12/08 16:53:40 Leader 0 send entries start = 6, end = 47 to Follower 3
2025/12/08 16:53:40 Leader 1 send entries start = 3, end = 90 to Follower 2
2025/12/08 16:53:40 Leader 1 send entries start = 2, end = 90 to Follower 3
2025/12/08 16:53:40 Leader 1 send entries start = 2, end = 90 to Follower 0
2025/12/08 16:53:40 Leader 0 receive a command from client with index 47 with term 2
2025/12/08 16:53:40 Leader 1 receive a command from client with index 90 with term 1
2025/12/08 16:53:40 Leader 1 send entries start = 2, end = 91 to Follower 4
2025/12/08 16:53:40 Leader 1 send entries start = 3, end = 91 to Follower 2
2025/12/08 16:53:40 Leader 0 send entries start = 6, end = 48 to Follower 4
2025/12/08 16:53:40 Leader 1 send entries start = 2, end = 91 to Follower 0
2025/12/08 16:53:40 Leader 0 send entries start = 7, end = 48 to Follower 2
2025/12/08 16:53:40 Leader 1 send entries start = 2, end = 91 to Follower 3
2025/12/08 16:53:40 Leader 0 send entries start = 4, end = 48 to Follower 1
2025/12/08 16:53:40 Leader 0 send entries start = 6, end = 48 to Follower 3
2025/12/08 16:53:40 Leader 0 send entries start = 6, end = 48 to Follower 4
2025/12/08 16:53:40 Leader 0 send entries start = 7, end = 48 to Follower 2
2025/12/08 16:53:40 Leader 0 send entries start = 4, end = 48 to Follower 1
2025/12/08 16:53:40 Leader 0 send entries start = 6, end = 48 to Follower 3
2025/12/08 16:53:40 Leader 0 receive a command from client with index 48 with term 2
2025/12/08 16:53:40 Leader 1 receive a command from client with index 91 with term 1
2025/12/08 16:53:40 Leader 1 send entries start = 2, end = 92 to Follower 4
2025/12/08 16:53:40 Leader 1 send entries start = 2, end = 92 to Follower 0
2025/12/08 16:53:40 Leader 1 send entries start = 2, end = 92 to Follower 3
2025/12/08 16:53:40 Leader 0 send entries start = 6, end = 49 to Follower 4
2025/12/08 16:53:40 Leader 0 send entries start = 4, end = 49 to Follower 1
2025/12/08 16:53:40 Leader 1 send entries start = 3, end = 92 to Follower 2
2025/12/08 16:53:40 Leader 0 send entries start = 7, end = 49 to Follower 2
2025/12/08 16:53:40 Leader 0 send entries start = 6, end = 49 to Follower 3
2025/12/08 16:53:40 Leader 0 receive a command from client with index 49 with term 2
2025/12/08 16:53:40 Leader 1 receive a command from client with index 92 with term 1
2025/12/08 16:53:40 Leader 1 send entries start = 2, end = 93 to Follower 4
2025/12/08 16:53:40 Leader 1 send entries start = 2, end = 93 to Follower 0
2025/12/08 16:53:40 Leader 0 send entries start = 6, end = 50 to Follower 4
2025/12/08 16:53:40 Leader 0 send entries start = 4, end = 50 to Follower 1
2025/12/08 16:53:40 Leader 1 send entries start = 3, end = 93 to Follower 2
2025/12/08 16:53:40 Leader 0 send entries start = 7, end = 50 to Follower 2
2025/12/08 16:53:40 Leader 0 send entries start = 6, end = 50 to Follower 3
2025/12/08 16:53:40 Leader 1 send entries start = 2, end = 93 to Follower 3
2025/12/08 16:53:40 Leader 0 receive a command from client with index 50 with term 2
2025/12/08 16:53:40 Leader 1 receive a command from client with index 93 with term 1
2025/12/08 16:53:40 Leader 1 send entries start = 2, end = 94 to Follower 4
2025/12/08 16:53:40 Leader 0 send entries start = 6, end = 51 to Follower 4
2025/12/08 16:53:40 Leader 1 send entries start = 3, end = 94 to Follower 2
2025/12/08 16:53:40 Leader 0 send entries start = 7, end = 51 to Follower 2
2025/12/08 16:53:40 Leader 1 send entries start = 2, end = 94 to Follower 3
2025/12/08 16:53:40 Leader 0 send entries start = 6, end = 51 to Follower 3
2025/12/08 16:53:40 Leader 1 send entries start = 2, end = 94 to Follower 0
2025/12/08 16:53:40 Leader 0 send entries start = 4, end = 51 to Follower 1
2025/12/08 16:53:40 Leader 0 receive a command from client with index 51 with term 2
2025/12/08 16:53:40 Leader 1 receive a command from client with index 94 with term 1
2025/12/08 16:53:40 Leader 1 send entries start = 2, end = 95 to Follower 4
2025/12/08 16:53:40 Leader 0 send entries start = 6, end = 52 to Follower 4
2025/12/08 16:53:40 Leader 1 send entries start = 3, end = 95 to Follower 2
2025/12/08 16:53:40 Leader 1 send entries start = 2, end = 95 to Follower 0
2025/12/08 16:53:40 Leader 0 send entries start = 6, end = 52 to Follower 3
2025/12/08 16:53:40 Leader 1 send entries start = 2, end = 95 to Follower 3
2025/12/08 16:53:40 Leader 0 send entries start = 7, end = 52 to Follower 2
2025/12/08 16:53:40 Leader 0 send entries start = 4, end = 52 to Follower 1
2025/12/08 16:53:40 Leader 0 receive a command from client with index 52 with term 2
2025/12/08 16:53:40 Leader 1 receive a command from client with index 95 with term 1
2025/12/08 16:53:40 Leader 1 send entries start = 2, end = 96 to Follower 4
2025/12/08 16:53:40 Leader 0 send entries start = 6, end = 53 to Follower 4
2025/12/08 16:53:40 Leader 0 send entries start = 7, end = 53 to Follower 2
2025/12/08 16:53:40 Leader 1 send entries start = 2, end = 96 to Follower 0
2025/12/08 16:53:40 Leader 0 send entries start = 4, end = 53 to Follower 1
2025/12/08 16:53:40 Leader 1 send entries start = 3, end = 96 to Follower 2
2025/12/08 16:53:40 Leader 0 send entries start = 6, end = 53 to Follower 3
2025/12/08 16:53:40 Leader 1 send entries start = 2, end = 96 to Follower 3
2025/12/08 16:53:40 Leader 0 receive a command from client with index 53 with term 2
2025/12/08 16:53:40 Leader 1 receive a command from client with index 96 with term 1
2025/12/08 16:53:40 Leader 1 send entries start = 2, end = 97 to Follower 4
2025/12/08 16:53:40 Leader 1 send entries start = 2, end = 97 to Follower 0
2025/12/08 16:53:40 Leader 1 send entries start = 3, end = 97 to Follower 2
2025/12/08 16:53:40 Leader 0 send entries start = 6, end = 54 to Follower 4
2025/12/08 16:53:40 Leader 0 send entries start = 7, end = 54 to Follower 2
2025/12/08 16:53:40 Leader 1 send entries start = 2, end = 97 to Follower 3
2025/12/08 16:53:40 Leader 0 send entries start = 6, end = 54 to Follower 3
2025/12/08 16:53:40 Leader 0 send entries start = 4, end = 54 to Follower 1
2025/12/08 16:53:40 Leader 0 receive a command from client with index 54 with term 2
2025/12/08 16:53:40 Leader 1 receive a command from client with index 97 with term 1
2025/12/08 16:53:40 Leader 1 send entries start = 2, end = 98 to Follower 4
2025/12/08 16:53:40 Leader 0 send entries start = 6, end = 55 to Follower 4
2025/12/08 16:53:40 Leader 1 send entries start = 2, end = 98 to Follower 0
2025/12/08 16:53:40 Leader 1 send entries start = 3, end = 98 to Follower 2
2025/12/08 16:53:40 Leader 0 send entries start = 4, end = 55 to Follower 1
2025/12/08 16:53:40 Leader 0 send entries start = 7, end = 55 to Follower 2
2025/12/08 16:53:40 Leader 0 send entries start = 6, end = 55 to Follower 3
2025/12/08 16:53:40 Leader 1 send entries start = 2, end = 98 to Follower 3
2025/12/08 16:53:40 Leader 0 receive a command from client with index 55 with term 2
2025/12/08 16:53:40 Leader 1 receive a command from client with index 98 with term 1
2025/12/08 16:53:40 Leader 1 send entries start = 2, end = 99 to Follower 4
2025/12/08 16:53:40 Leader 1 send entries start = 2, end = 99 to Follower 0
2025/12/08 16:53:40 Leader 0 send entries start = 6, end = 56 to Follower 4
2025/12/08 16:53:40 Leader 0 send entries start = 7, end = 56 to Follower 2
2025/12/08 16:53:40 Leader 1 send entries start = 3, end = 99 to Follower 2
2025/12/08 16:53:40 Leader 0 send entries start = 6, end = 56 to Follower 3
2025/12/08 16:53:40 Leader 1 send entries start = 2, end = 99 to Follower 3
2025/12/08 16:53:40 Leader 0 send entries start = 4, end = 56 to Follower 1
2025/12/08 16:53:40 Leader 1 send entries start = 2, end = 99 to Follower 4
2025/12/08 16:53:40 Leader 1 send entries start = 3, end = 99 to Follower 2
2025/12/08 16:53:40 Leader 1 send entries start = 2, end = 99 to Follower 3
2025/12/08 16:53:40 Leader 1 send entries start = 2, end = 99 to Follower 0
2025/12/08 16:53:40 Leader 0 receive a command from client with index 56 with term 2
2025/12/08 16:53:40 Leader 1 receive a command from client with index 99 with term 1
2025/12/08 16:53:40 Leader 1 send entries start = 2, end = 100 to Follower 4
2025/12/08 16:53:40 Leader 1 send entries start = 2, end = 100 to Follower 0
2025/12/08 16:53:40 Leader 1 send entries start = 2, end = 100 to Follower 3
2025/12/08 16:53:40 Leader 0 send entries start = 6, end = 57 to Follower 4
2025/12/08 16:53:40 Leader 0 send entries start = 6, end = 57 to Follower 3
2025/12/08 16:53:40 Leader 1 send entries start = 3, end = 100 to Follower 2
2025/12/08 16:53:40 Leader 0 send entries start = 7, end = 57 to Follower 2
2025/12/08 16:53:40 Leader 0 send entries start = 4, end = 57 to Follower 1
2025/12/08 16:53:40 Leader 0 receive a command from client with index 57 with term 2
2025/12/08 16:53:40 Leader 1 receive a command from client with index 100 with term 1
2025/12/08 16:53:40 Leader 1 send entries start = 2, end = 101 to Follower 4
2025/12/08 16:53:40 Leader 0 send entries start = 6, end = 58 to Follower 4
2025/12/08 16:53:40 Leader 1 send entries start = 3, end = 101 to Follower 2
2025/12/08 16:53:40 Leader 0 send entries start = 7, end = 58 to Follower 2
2025/12/08 16:53:40 Leader 1 send entries start = 2, end = 101 to Follower 3
2025/12/08 16:53:40 Leader 0 send entries start = 4, end = 58 to Follower 1
2025/12/08 16:53:40 Leader 1 send entries start = 2, end = 101 to Follower 0
2025/12/08 16:53:40 Leader 0 send entries start = 6, end = 58 to Follower 3
2025/12/08 16:53:40 Leader 0 receive a command from client with index 58 with term 2
2025/12/08 16:53:40 Leader 1 receive a command from client with index 101 with term 1
2025/12/08 16:53:40 Leader 1 send entries start = 2, end = 102 to Follower 4
2025/12/08 16:53:40 Leader 1 send entries start = 2, end = 102 to Follower 0
2025/12/08 16:53:40 Leader 1 send entries start = 3, end = 102 to Follower 2
2025/12/08 16:53:40 Leader 0 send entries start = 6, end = 59 to Follower 4
2025/12/08 16:53:40 Leader 1 send entries start = 2, end = 102 to Follower 3
2025/12/08 16:53:40 Leader 0 send entries start = 7, end = 59 to Follower 2
2025/12/08 16:53:40 Leader 0 send entries start = 6, end = 59 to Follower 3
2025/12/08 16:53:40 Leader 0 send entries start = 4, end = 59 to Follower 1
2025/12/08 16:53:40 Leader 0 receive a command from client with index 59 with term 2
2025/12/08 16:53:40 Leader 1 receive a command from client with index 102 with term 1
2025/12/08 16:53:40 Leader 1 send entries start = 2, end = 103 to Follower 4
2025/12/08 16:53:40 Leader 1 send entries start = 2, end = 103 to Follower 0
2025/12/08 16:53:40 Leader 0 send entries start = 6, end = 60 to Follower 4
2025/12/08 16:53:40 Leader 1 send entries start = 3, end = 103 to Follower 2
2025/12/08 16:53:40 Leader 0 send entries start = 7, end = 60 to Follower 2
2025/12/08 16:53:40 Leader 0 send entries start = 6, end = 60 to Follower 3
2025/12/08 16:53:40 Leader 1 send entries start = 2, end = 103 to Follower 3
2025/12/08 16:53:40 Leader 0 send entries start = 4, end = 60 to Follower 1
2025/12/08 16:53:40 Leader 0 receive a command from client with index 60 with term 2
2025/12/08 16:53:40 Leader 1 receive a command from client with index 103 with term 1
2025/12/08 16:53:40 Leader 0 send entries start = 6, end = 61 to Follower 4
2025/12/08 16:53:40 Leader 1 send entries start = 2, end = 104 to Follower 4
2025/12/08 16:53:40 Leader 0 send entries start = 4, end = 61 to Follower 1
2025/12/08 16:53:40 Leader 1 send entries start = 3, end = 104 to Follower 2
2025/12/08 16:53:40 Leader 0 send entries start = 7, end = 61 to Follower 2
2025/12/08 16:53:40 Leader 1 send entries start = 2, end = 104 to Follower 3
2025/12/08 16:53:40 Leader 0 send entries start = 6, end = 61 to Follower 3
2025/12/08 16:53:40 Leader 1 send entries start = 2, end = 104 to Follower 0
2025/12/08 16:53:40 Leader 0 receive a command from client with index 61 with term 2
2025/12/08 16:53:40 Leader 1 receive a command from client with index 104 with term 1
2025/12/08 16:53:40 Leader 0 send entries start = 6, end = 62 to Follower 4
2025/12/08 16:53:40 Leader 0 send entries start = 7, end = 62 to Follower 2
2025/12/08 16:53:40 Leader 0 send entries start = 6, end = 62 to Follower 3
2025/12/08 16:53:40 Leader 1 send entries start = 2, end = 105 to Follower 4
2025/12/08 16:53:40 Leader 0 send entries start = 4, end = 62 to Follower 1
2025/12/08 16:53:40 Leader 1 send entries start = 2, end = 105 to Follower 0
2025/12/08 16:53:40 Leader 1 send entries start = 3, end = 105 to Follower 2
2025/12/08 16:53:40 Leader 1 send entries start = 2, end = 105 to Follower 3
2025/12/08 16:53:40 Leader 0 receive a command from client with index 62 with term 2
2025/12/08 16:53:40 Leader 1 receive a command from client with index 105 with term 1
2025/12/08 16:53:40 Leader 1 send entries start = 2, end = 106 to Follower 4
2025/12/08 16:53:40 Leader 0 send entries start = 6, end = 63 to Follower 4
2025/12/08 16:53:40 Leader 0 send entries start = 4, end = 63 to Follower 1
2025/12/08 16:53:40 Leader 1 send entries start = 3, end = 106 to Follower 2
2025/12/08 16:53:40 Leader 0 send entries start = 7, end = 63 to Follower 2
2025/12/08 16:53:40 Leader 1 send entries start = 2, end = 106 to Follower 0
2025/12/08 16:53:40 Leader 0 send entries start = 6, end = 63 to Follower 3
2025/12/08 16:53:40 Leader 1 send entries start = 2, end = 106 to Follower 3
2025/12/08 16:53:40 Leader 0 receive a command from client with index 63 with term 2
2025/12/08 16:53:40 Leader 1 receive a command from client with index 106 with term 1
2025/12/08 16:53:40 Leader 1 send entries start = 2, end = 107 to Follower 4
2025/12/08 16:53:40 Leader 1 send entries start = 3, end = 107 to Follower 2
2025/12/08 16:53:40 Leader 1 send entries start = 2, end = 107 to Follower 3
2025/12/08 16:53:40 Leader 0 send entries start = 6, end = 64 to Follower 4
2025/12/08 16:53:40 Leader 1 send entries start = 2, end = 107 to Follower 0
2025/12/08 16:53:40 Leader 0 send entries start = 4, end = 64 to Follower 1
2025/12/08 16:53:40 Leader 0 send entries start = 7, end = 64 to Follower 2
2025/12/08 16:53:40 Leader 0 send entries start = 6, end = 64 to Follower 3
2025/12/08 16:53:40 Leader 0 receive a command from client with index 64 with term 2
2025/12/08 16:53:40 Leader 1 receive a command from client with index 107 with term 1
2025/12/08 16:53:40 Leader 1 send entries start = 2, end = 108 to Follower 4
2025/12/08 16:53:40 Leader 1 send entries start = 3, end = 108 to Follower 2
2025/12/08 16:53:40 Leader 0 send entries start = 6, end = 65 to Follower 4
2025/12/08 16:53:40 Leader 1 send entries start = 2, end = 108 to Follower 0
2025/12/08 16:53:40 Leader 0 send entries start = 4, end = 65 to Follower 1
2025/12/08 16:53:40 Leader 1 send entries start = 2, end = 108 to Follower 3
2025/12/08 16:53:40 Leader 0 send entries start = 7, end = 65 to Follower 2
2025/12/08 16:53:40 Leader 0 send entries start = 6, end = 65 to Follower 3
2025/12/08 16:53:40 Leader 0 receive a command from client with index 65 with term 2
2025/12/08 16:53:40 Leader 1 receive a command from client with index 108 with term 1
2025/12/08 16:53:40 Leader 1 send entries start = 2, end = 109 to Follower 4
2025/12/08 16:53:40 Leader 1 send entries start = 2, end = 109 to Follower 0
2025/12/08 16:53:40 Leader 0 send entries start = 6, end = 66 to Follower 4
2025/12/08 16:53:40 Leader 0 send entries start = 7, end = 66 to Follower 2
2025/12/08 16:53:40 Leader 1 send entries start = 2, end = 109 to Follower 3
2025/12/08 16:53:40 Leader 0 send entries start = 6, end = 66 to Follower 3
2025/12/08 16:53:40 Leader 0 send entries start = 4, end = 66 to Follower 1
2025/12/08 16:53:40 Leader 1 send entries start = 3, end = 109 to Follower 2
2025/12/08 16:53:40 Leader 0 receive a command from client with index 66 with term 2
2025/12/08 16:53:40 Leader 1 receive a command from client with index 109 with term 1
2025/12/08 16:53:40 Leader 1 send entries start = 2, end = 110 to Follower 4
2025/12/08 16:53:40 Leader 1 send entries start = 2, end = 110 to Follower 0
2025/12/08 16:53:40 Leader 1 send entries start = 3, end = 110 to Follower 2
2025/12/08 16:53:40 Leader 0 send entries start = 6, end = 67 to Follower 4
2025/12/08 16:53:40 Leader 1 send entries start = 2, end = 110 to Follower 3
2025/12/08 16:53:40 Leader 0 send entries start = 7, end = 67 to Follower 2
2025/12/08 16:53:40 Leader 0 send entries start = 4, end = 67 to Follower 1
2025/12/08 16:53:40 Leader 0 send entries start = 6, end = 67 to Follower 3
2025/12/08 16:53:40 Leader 0 send entries start = 6, end = 67 to Follower 4
2025/12/08 16:53:40 Leader 0 send entries start = 7, end = 67 to Follower 2
2025/12/08 16:53:40 Leader 0 send entries start = 6, end = 67 to Follower 3
2025/12/08 16:53:40 Leader 0 send entries start = 4, end = 67 to Follower 1
2025/12/08 16:53:40 Leader 0 receive a command from client with index 67 with term 2
2025/12/08 16:53:40 Leader 1 receive a command from client with index 110 with term 1
2025/12/08 16:53:40 Leader 1 send entries start = 2, end = 111 to Follower 4
2025/12/08 16:53:40 Leader 1 send entries start = 2, end = 111 to Follower 0
2025/12/08 16:53:40 Leader 1 send entries start = 3, end = 111 to Follower 2
2025/12/08 16:53:40 Leader 1 send entries start = 2, end = 111 to Follower 3
2025/12/08 16:53:40 Leader 0 send entries start = 6, end = 68 to Follower 4
2025/12/08 16:53:40 Leader 0 send entries start = 6, end = 68 to Follower 3
2025/12/08 16:53:40 Leader 0 send entries start = 7, end = 68 to Follower 2
2025/12/08 16:53:40 Leader 0 send entries start = 4, end = 68 to Follower 1
2025/12/08 16:53:40 Leader 0 receive a command from client with index 68 with term 2
2025/12/08 16:53:40 Leader 1 receive a command from client with index 111 with term 1
2025/12/08 16:53:40 Leader 1 send entries start = 2, end = 112 to Follower 4
2025/12/08 16:53:40 Leader 0 send entries start = 6, end = 69 to Follower 4
2025/12/08 16:53:40 Leader 1 send entries start = 3, end = 112 to Follower 2
2025/12/08 16:53:40 Leader 0 send entries start = 4, end = 69 to Follower 1
2025/12/08 16:53:40 Leader 0 send entries start = 7, end = 69 to Follower 2
2025/12/08 16:53:40 Leader 1 send entries start = 2, end = 112 to Follower 0
2025/12/08 16:53:40 Leader 0 send entries start = 6, end = 69 to Follower 3
2025/12/08 16:53:40 Leader 1 send entries start = 2, end = 112 to Follower 3
2025/12/08 16:53:40 Leader 0 receive a command from client with index 69 with term 2
2025/12/08 16:53:40 Leader 1 receive a command from client with index 112 with term 1
2025/12/08 16:53:40 Leader 1 send entries start = 2, end = 113 to Follower 4
2025/12/08 16:53:40 Leader 1 send entries start = 2, end = 113 to Follower 0
2025/12/08 16:53:40 Leader 1 send entries start = 3, end = 113 to Follower 2
2025/12/08 16:53:40 Leader 0 send entries start = 6, end = 70 to Follower 4
2025/12/08 16:53:40 Leader 1 send entries start = 2, end = 113 to Follower 3
2025/12/08 16:53:40 Leader 0 send entries start = 7, end = 70 to Follower 2
2025/12/08 16:53:40 Leader 0 send entries start = 4, end = 70 to Follower 1
2025/12/08 16:53:40 Leader 0 send entries start = 6, end = 70 to Follower 3
2025/12/08 16:53:40 Leader 0 receive a command from client with index 70 with term 2
2025/12/08 16:53:40 Leader 1 receive a command from client with index 113 with term 1
2025/12/08 16:53:40 Leader 1 send entries start = 2, end = 114 to Follower 4
2025/12/08 16:53:40 Leader 1 send entries start = 2, end = 114 to Follower 0
2025/12/08 16:53:40 Leader 1 send entries start = 3, end = 114 to Follower 2
2025/12/08 16:53:40 Leader 0 send entries start = 6, end = 71 to Follower 4
2025/12/08 16:53:40 Leader 1 send entries start = 2, end = 114 to Follower 3
2025/12/08 16:53:40 Leader 0 send entries start = 7, end = 71 to Follower 2
2025/12/08 16:53:40 Leader 0 send entries start = 6, end = 71 to Follower 3
2025/12/08 16:53:40 Leader 0 send entries start = 4, end = 71 to Follower 1
2025/12/08 16:53:40 Leader 0 receive a command from client with index 71 with term 2
2025/12/08 16:53:40 Leader 1 receive a command from client with index 114 with term 1
2025/12/08 16:53:40 Leader 1 send entries start = 2, end = 115 to Follower 4
2025/12/08 16:53:40 Leader 1 send entries start = 2, end = 115 to Follower 0
2025/12/08 16:53:40 Leader 0 send entries start = 6, end = 72 to Follower 4
2025/12/08 16:53:40 Leader 1 send entries start = 3, end = 115 to Follower 2
2025/12/08 16:53:40 Leader 1 send entries start = 2, end = 115 to Follower 3
2025/12/08 16:53:40 Leader 0 send entries start = 6, end = 72 to Follower 3
2025/12/08 16:53:40 Leader 0 send entries start = 7, end = 72 to Follower 2
2025/12/08 16:53:40 Leader 0 send entries start = 4, end = 72 to Follower 1
2025/12/08 16:53:40 Leader 0 receive a command from client with index 72 with term 2
2025/12/08 16:53:40 Leader 1 receive a command from client with index 115 with term 1
2025/12/08 16:53:40 Leader 1 send entries start = 2, end = 116 to Follower 4
2025/12/08 16:53:40 Leader 1 send entries start = 2, end = 116 to Follower 0
2025/12/08 16:53:40 Leader 1 send entries start = 2, end = 116 to Follower 3
2025/12/08 16:53:40 Leader 1 send entries start = 3, end = 116 to Follower 2
2025/12/08 16:53:40 Leader 0 send entries start = 6, end = 73 to Follower 4
2025/12/08 16:53:40 Leader 0 send entries start = 7, end = 73 to Follower 2
2025/12/08 16:53:40 Leader 0 send entries start = 4, end = 73 to Follower 1
2025/12/08 16:53:40 Leader 0 send entries start = 6, end = 73 to Follower 3
2025/12/08 16:53:40 Leader 0 send entries start = 6, end = 73 to Follower 4
2025/12/08 16:53:40 Leader 0 send entries start = 6, end = 73 to Follower 3
2025/12/08 16:53:40 Leader 0 send entries start = 7, end = 73 to Follower 2
2025/12/08 16:53:40 Leader 0 send entries start = 4, end = 73 to Follower 1
2025/12/08 16:53:40 Leader 1 send entries start = 2, end = 116 to Follower 4
2025/12/08 16:53:40 Leader 1 send entries start = 3, end = 116 to Follower 2
2025/12/08 16:53:40 Leader 1 send entries start = 2, end = 116 to Follower 0
2025/12/08 16:53:40 Leader 1 send entries start = 2, end = 116 to Follower 3
2025/12/08 16:53:40 Candidate 3 starts an election with term 5
2025/12/08 16:53:40 Candidate 3's log: [{<nil> 0} {7948 1} {8227 1} {5091 1} {4298 2}]
2025/12/08 16:53:40 2 find a higher term, change to FOLLOWER state
2025/12/08 16:53:40 Server 2 reject 3 for it's log is more up-to-date
2025/12/08 16:53:40 lastLogTerm: Server 2: 2 VS Candidate 3: 2, result: false
2025/12/08 16:53:40 lastLogIndex: Server 2: 5 VS Candidate 3: 4, result: true
2025/12/08 16:53:40 4 find a higher term, change to FOLLOWER state
2025/12/08 16:53:40 Follower 4's log: [{<nil> 0} {7948 1} {8227 1} {5091 1} {4298 2}]
2025/12/08 16:53:40 lastLogTerm: Server 4: 2 VS Candidate 3: 2, result: false
2025/12/08 16:53:40 lastLogIndex: Server 4: 4 VS Candidate 3: 4, result: false
2025/12/08 16:53:40 Leader 1 send entries start = 2, end = 116 to Follower 4
2025/12/08 16:53:40 Leader 1 send entries start = 2, end = 116 to Follower 3
2025/12/08 16:53:40 Leader 1 send entries start = 2, end = 116 to Follower 0
2025/12/08 16:53:40 Leader 1 send entries start = 3, end = 116 to Follower 2
2025/12/08 16:53:40 Candidate 2 starts an election with term 6
2025/12/08 16:53:40 Candidate 2's log: [{<nil> 0} {7948 1} {8227 1} {5091 1} {4298 2} {7859 2}]
2025/12/08 16:53:40 4 find a higher term, change to FOLLOWER state
2025/12/08 16:53:40 Follower 4's log: [{<nil> 0} {7948 1} {8227 1} {5091 1} {4298 2}]
2025/12/08 16:53:40 lastLogTerm: Server 4: 2 VS Candidate 2: 2, result: false
2025/12/08 16:53:40 lastLogIndex: Server 4: 4 VS Candidate 2: 5, result: false
2025/12/08 16:53:40 Leader 0 send entries start = 6, end = 73 to Follower 4
2025/12/08 16:53:40 Leader 0 send entries start = 7, end = 73 to Follower 2
2025/12/08 16:53:40 Leader 0 send entries start = 4, end = 73 to Follower 1
2025/12/08 16:53:40 Leader 0 send entries start = 6, end = 73 to Follower 3
2025/12/08 16:53:40 Leader 1 send entries start = 2, end = 116 to Follower 4
2025/12/08 16:53:40 Leader 1 send entries start = 3, end = 116 to Follower 2
2025/12/08 16:53:40 Leader 0 receive a command from client with index 73 with term 2
2025/12/08 16:53:40 Leader 1 send entries start = 2, end = 116 to Follower 0
2025/12/08 16:53:40 Leader 0 send entries start = 6, end = 74 to Follower 4
2025/12/08 16:53:40 Leader 1 send entries start = 2, end = 116 to Follower 3
2025/12/08 16:53:40 Leader 0 send entries start = 4, end = 74 to Follower 1
2025/12/08 16:53:40 Leader 0 send entries start = 7, end = 74 to Follower 2
2025/12/08 16:53:40 Leader 0 send entries start = 6, end = 74 to Follower 3
2025/12/08 16:53:40 Leader 1 receive a command from client with index 116 with term 1
2025/12/08 16:53:40 Leader 1 send entries start = 2, end = 117 to Follower 4
2025/12/08 16:53:40 Leader 1 send entries start = 3, end = 117 to Follower 2
2025/12/08 16:53:40 Leader 1 send entries start = 2, end = 117 to Follower 3
2025/12/08 16:53:40 Leader 1 send entries start = 2, end = 117 to Follower 0
2025/12/08 16:53:40 Leader 0 receive a command from client with index 74 with term 2
2025/12/08 16:53:40 Leader 1 receive a command from client with index 117 with term 1
2025/12/08 16:53:40 Leader 1 send entries start = 2, end = 118 to Follower 4
2025/12/08 16:53:40 Leader 0 send entries start = 6, end = 75 to Follower 4
2025/12/08 16:53:40 Leader 1 send entries start = 3, end = 118 to Follower 2
2025/12/08 16:53:40 Leader 0 send entries start = 7, end = 75 to Follower 2
2025/12/08 16:53:40 Leader 0 send entries start = 4, end = 75 to Follower 1
2025/12/08 16:53:40 Leader 1 send entries start = 2, end = 118 to Follower 0
2025/12/08 16:53:40 Leader 0 send entries start = 6, end = 75 to Follower 3
2025/12/08 16:53:40 Leader 1 send entries start = 2, end = 118 to Follower 3
2025/12/08 16:53:40 Leader 0 receive a command from client with index 75 with term 2
2025/12/08 16:53:40 Leader 1 receive a command from client with index 118 with term 1
2025/12/08 16:53:40 Leader 1 send entries start = 2, end = 119 to Follower 4
2025/12/08 16:53:40 Leader 1 send entries start = 2, end = 119 to Follower 0
2025/12/08 16:53:40 Leader 1 send entries start = 3, end = 119 to Follower 2
2025/12/08 16:53:40 Leader 1 send entries start = 2, end = 119 to Follower 3
2025/12/08 16:53:40 Leader 0 send entries start = 7, end = 76 to Follower 2
2025/12/08 16:53:40 Leader 0 send entries start = 6, end = 76 to Follower 3
2025/12/08 16:53:40 Leader 0 send entries start = 6, end = 76 to Follower 4
2025/12/08 16:53:40 Leader 0 send entries start = 4, end = 76 to Follower 1
2025/12/08 16:53:40 Leader 0 receive a command from client with index 76 with term 2
2025/12/08 16:53:40 Leader 1 receive a command from client with index 119 with term 1
2025/12/08 16:53:40 Leader 1 send entries start = 2, end = 120 to Follower 4
2025/12/08 16:53:40 Leader 1 send entries start = 2, end = 120 to Follower 0
2025/12/08 16:53:40 Leader 0 send entries start = 6, end = 77 to Follower 4
2025/12/08 16:53:40 Leader 1 send entries start = 3, end = 120 to Follower 2
2025/12/08 16:53:40 Leader 0 send entries start = 7, end = 77 to Follower 2
2025/12/08 16:53:40 Leader 0 send entries start = 4, end = 77 to Follower 1
2025/12/08 16:53:40 Leader 0 send entries start = 6, end = 77 to Follower 3
2025/12/08 16:53:40 Leader 1 send entries start = 2, end = 120 to Follower 3
2025/12/08 16:53:40 Leader 0 receive a command from client with index 77 with term 2
2025/12/08 16:53:40 Leader 1 receive a command from client with index 120 with term 1
2025/12/08 16:53:40 Leader 1 send entries start = 2, end = 121 to Follower 0
2025/12/08 16:53:40 Leader 1 send entries start = 2, end = 121 to Follower 3
2025/12/08 16:53:40 Leader 0 send entries start = 6, end = 78 to Follower 4
2025/12/08 16:53:40 Leader 0 send entries start = 4, end = 78 to Follower 1
2025/12/08 16:53:40 Leader 1 send entries start = 2, end = 121 to Follower 4
2025/12/08 16:53:40 Leader 0 send entries start = 7, end = 78 to Follower 2
2025/12/08 16:53:40 Leader 0 send entries start = 6, end = 78 to Follower 3
2025/12/08 16:53:40 Leader 1 send entries start = 3, end = 121 to Follower 2
2025/12/08 16:53:40 Leader 0 receive a command from client with index 78 with term 2
2025/12/08 16:53:40 Leader 1 receive a command from client with index 121 with term 1
2025/12/08 16:53:40 Leader 0 send entries start = 6, end = 79 to Follower 4
2025/12/08 16:53:40 Leader 0 send entries start = 6, end = 79 to Follower 3
2025/12/08 16:53:40 Leader 0 send entries start = 4, end = 79 to Follower 1
2025/12/08 16:53:40 Leader 0 send entries start = 7, end = 79 to Follower 2
2025/12/08 16:53:40 Leader 1 send entries start = 2, end = 122 to Follower 4
2025/12/08 16:53:40 Leader 1 send entries start = 2, end = 122 to Follower 0
2025/12/08 16:53:40 Leader 1 send entries start = 3, end = 122 to Follower 2
2025/12/08 16:53:40 Leader 1 send entries start = 2, end = 122 to Follower 3
2025/12/08 16:53:40 Leader 0 receive a command from client with index 79 with term 2
2025/12/08 16:53:40 Leader 1 receive a command from client with index 122 with term 1
2025/12/08 16:53:40 Leader 1 send entries start = 2, end = 123 to Follower 4
2025/12/08 16:53:40 Leader 1 send entries start = 2, end = 123 to Follower 0
2025/12/08 16:53:40 Leader 1 send entries start = 3, end = 123 to Follower 2
2025/12/08 16:53:40 Leader 1 send entries start = 2, end = 123 to Follower 3
2025/12/08 16:53:40 Leader 0 send entries start = 6, end = 80 to Follower 4
2025/12/08 16:53:40 Leader 0 send entries start = 7, end = 80 to Follower 2
2025/12/08 16:53:40 Leader 0 send entries start = 4, end = 80 to Follower 1
2025/12/08 16:53:40 Leader 0 send entries start = 6, end = 80 to Follower 3
2025/12/08 16:53:40 Leader 0 receive a command from client with index 80 with term 2
2025/12/08 16:53:40 Leader 1 receive a command from client with index 123 with term 1
2025/12/08 16:53:40 Leader 1 send entries start = 2, end = 124 to Follower 4
2025/12/08 16:53:40 Leader 1 send entries start = 2, end = 124 to Follower 0
2025/12/08 16:53:40 Leader 1 send entries start = 3, end = 124 to Follower 2
2025/12/08 16:53:40 Leader 0 send entries start = 6, end = 81 to Follower 4
2025/12/08 16:53:40 Leader 1 send entries start = 2, end = 124 to Follower 3
2025/12/08 16:53:40 Leader 0 send entries start = 7, end = 81 to Follower 2
2025/12/08 16:53:40 Leader 0 send entries start = 6, end = 81 to Follower 3
2025/12/08 16:53:40 Leader 0 send entries start = 4, end = 81 to Follower 1
2025/12/08 16:53:40 Leader 0 receive a command from client with index 81 with term 2
2025/12/08 16:53:40 Leader 1 receive a command from client with index 124 with term 1
2025/12/08 16:53:40 Leader 1 send entries start = 2, end = 125 to Follower 4
2025/12/08 16:53:40 Leader 0 send entries start = 6, end = 82 to Follower 4
2025/12/08 16:53:40 Leader 1 send entries start = 2, end = 125 to Follower 0
2025/12/08 16:53:40 Leader 0 send entries start = 7, end = 82 to Follower 2
2025/12/08 16:53:40 Leader 1 send entries start = 3, end = 125 to Follower 2
2025/12/08 16:53:40 Leader 0 send entries start = 6, end = 82 to Follower 3
2025/12/08 16:53:40 Leader 1 send entries start = 2, end = 125 to Follower 3
2025/12/08 16:53:40 Leader 0 send entries start = 4, end = 82 to Follower 1
2025/12/08 16:53:40 Leader 0 receive a command from client with index 82 with term 2
2025/12/08 16:53:40 Leader 1 receive a command from client with index 125 with term 1
2025/12/08 16:53:40 Leader 1 send entries start = 2, end = 126 to Follower 4
2025/12/08 16:53:40 Leader 1 send entries start = 2, end = 126 to Follower 0
2025/12/08 16:53:40 Leader 0 send entries start = 6, end = 83 to Follower 4
2025/12/08 16:53:40 Leader 1 send entries start = 3, end = 126 to Follower 2
2025/12/08 16:53:40 Leader 0 send entries start = 7, end = 83 to Follower 2
2025/12/08 16:53:40 Leader 0 send entries start = 6, end = 83 to Follower 3
2025/12/08 16:53:40 Leader 0 send entries start = 4, end = 83 to Follower 1
2025/12/08 16:53:40 Leader 1 send entries start = 2, end = 126 to Follower 3
2025/12/08 16:53:40 Leader 0 receive a command from client with index 83 with term 2
2025/12/08 16:53:40 Leader 1 receive a command from client with index 126 with term 1
2025/12/08 16:53:40 Leader 1 send entries start = 2, end = 127 to Follower 4
2025/12/08 16:53:40 Leader 1 send entries start = 2, end = 127 to Follower 0
2025/12/08 16:53:40 Leader 0 send entries start = 6, end = 84 to Follower 4
2025/12/08 16:53:40 Leader 1 send entries start = 3, end = 127 to Follower 2
2025/12/08 16:53:40 Leader 0 send entries start = 7, end = 84 to Follower 2
2025/12/08 16:53:40 Leader 1 send entries start = 2, end = 127 to Follower 3
2025/12/08 16:53:40 Leader 0 send entries start = 6, end = 84 to Follower 3
2025/12/08 16:53:40 Leader 0 send entries start = 4, end = 84 to Follower 1
2025/12/08 16:53:40 Leader 0 receive a command from client with index 84 with term 2
2025/12/08 16:53:40 Leader 1 receive a command from client with index 127 with term 1
2025/12/08 16:53:40 Leader 0 receive a command from client with index 85 with term 2
2025/12/08 16:53:40 Leader 0 send entries start = 6, end = 85 to Follower 4
2025/12/08 16:53:40 Leader 0 send entries start = 6, end = 85 to Follower 3
2025/12/08 16:53:40 Leader 0 send entries start = 6, end = 86 to Follower 4
2025/12/08 16:53:40 Leader 1 receive a command from client with index 128 with term 1
2025/12/08 16:53:40 Leader 0 send entries start = 4, end = 86 to Follower 1
2025/12/08 16:53:40 Leader 1 send entries start = 2, end = 128 to Follower 4
2025/12/08 16:53:40 Leader 0 send entries start = 7, end = 86 to Follower 2
2025/12/08 16:53:40 Leader 1 send entries start = 2, end = 128 to Follower 0
2025/12/08 16:53:40 Leader 0 send entries start = 6, end = 86 to Follower 3
2025/12/08 16:53:40 Leader 0 send entries start = 7, end = 85 to Follower 2
2025/12/08 16:53:40 Leader 0 send entries start = 4, end = 85 to Follower 1
2025/12/08 16:53:40 Leader 1 send entries start = 3, end = 128 to Follower 2
2025/12/08 16:53:40 Leader 1 send entries start = 2, end = 128 to Follower 3
2025/12/08 16:53:40 Leader 1 send entries start = 2, end = 129 to Follower 4
2025/12/08 16:53:40 Leader 1 send entries start = 2, end = 129 to Follower 0
2025/12/08 16:53:40 Leader 1 send entries start = 3, end = 129 to Follower 2
2025/12/08 16:53:40 Leader 1 send entries start = 2, end = 129 to Follower 3
2025/12/08 16:53:40 Leader 0 receive a command from client with index 86 with term 2
2025/12/08 16:53:40 Leader 1 receive a command from client with index 129 with term 1
2025/12/08 16:53:40 Leader 1 send entries start = 2, end = 130 to Follower 4
2025/12/08 16:53:40 Leader 1 send entries start = 2, end = 130 to Follower 0
2025/12/08 16:53:40 Leader 1 send entries start = 3, end = 130 to Follower 2
2025/12/08 16:53:40 Leader 0 send entries start = 6, end = 87 to Follower 4
2025/12/08 16:53:40 Leader 0 send entries start = 7, end = 87 to Follower 2
2025/12/08 16:53:40 Leader 1 send entries start = 2, end = 130 to Follower 3
2025/12/08 16:53:40 Leader 0 send entries start = 6, end = 87 to Follower 3
2025/12/08 16:53:40 Leader 0 send entries start = 4, end = 87 to Follower 1
2025/12/08 16:53:40 Leader 0 receive a command from client with index 87 with term 2
2025/12/08 16:53:40 Leader 1 receive a command from client with index 130 with term 1
2025/12/08 16:53:40 Leader 1 send entries start = 2, end = 131 to Follower 4
2025/12/08 16:53:40 Leader 1 send entries start = 2, end = 131 to Follower 0
2025/12/08 16:53:40 Leader 0 send entries start = 6, end = 88 to Follower 4
2025/12/08 16:53:40 Leader 0 send entries start = 4, end = 88 to Follower 1
2025/12/08 16:53:40 Leader 1 send entries start = 3, end = 131 to Follower 2
2025/12/08 16:53:40 Leader 0 send entries start = 7, end = 88 to Follower 2
2025/12/08 16:53:40 Leader 1 send entries start = 2, end = 131 to Follower 3
2025/12/08 16:53:40 Leader 0 send entries start = 6, end = 88 to Follower 3
2025/12/08 16:53:41 Leader 0 receive a command from client with index 88 with term 2
2025/12/08 16:53:41 Leader 1 receive a command from client with index 131 with term 1
2025/12/08 16:53:41 Leader 1 send entries start = 2, end = 132 to Follower 4
2025/12/08 16:53:41 Leader 1 send entries start = 2, end = 132 to Follower 0
2025/12/08 16:53:41 Leader 1 send entries start = 2, end = 132 to Follower 3
2025/12/08 16:53:41 Leader 0 send entries start = 6, end = 89 to Follower 4
2025/12/08 16:53:41 Leader 1 send entries start = 3, end = 132 to Follower 2
2025/12/08 16:53:41 Leader 0 send entries start = 4, end = 89 to Follower 1
2025/12/08 16:53:41 Leader 0 send entries start = 7, end = 89 to Follower 2
2025/12/08 16:53:41 Leader 0 send entries start = 6, end = 89 to Follower 3
2025/12/08 16:53:41 Leader 0 receive a command from client with index 89 with term 2
2025/12/08 16:53:41 Leader 1 receive a command from client with index 132 with term 1
2025/12/08 16:53:41 Leader 1 send entries start = 2, end = 133 to Follower 4
2025/12/08 16:53:41 Leader 1 send entries start = 2, end = 133 to Follower 0
2025/12/08 16:53:41 Leader 1 send entries start = 3, end = 133 to Follower 2
2025/12/08 16:53:41 Leader 0 send entries start = 6, end = 90 to Follower 4
2025/12/08 16:53:41 Leader 1 send entries start = 2, end = 133 to Follower 3
2025/12/08 16:53:41 Leader 0 send entries start = 4, end = 90 to Follower 1
2025/12/08 16:53:41 Leader 0 send entries start = 7, end = 90 to Follower 2
2025/12/08 16:53:41 Leader 0 send entries start = 6, end = 90 to Follower 3
2025/12/08 16:53:41 Leader 1 send entries start = 2, end = 133 to Follower 4
2025/12/08 16:53:41 Leader 1 send entries start = 3, end = 133 to Follower 2
2025/12/08 16:53:41 Leader 1 send entries start = 2, end = 133 to Follower 0
2025/12/08 16:53:41 Leader 1 send entries start = 2, end = 133 to Follower 3
2025/12/08 16:53:41 Leader 0 send entries start = 6, end = 90 to Follower 4
2025/12/08 16:53:41 Leader 0 send entries start = 7, end = 90 to Follower 2
2025/12/08 16:53:41 Leader 0 send entries start = 6, end = 90 to Follower 3
2025/12/08 16:53:41 Leader 0 send entries start = 4, end = 90 to Follower 1
2025/12/08 16:53:41 Candidate 3 starts an election with term 6
2025/12/08 16:53:41 Candidate 3's log: [{<nil> 0} {7948 1} {8227 1} {5091 1} {4298 2}]
2025/12/08 16:53:41 Server 4 reject 3 for it has voted for 2
2025/12/08 16:53:41 Server 2 reject 3 for it has voted for 2
2025/12/08 16:53:41 Leader 1 send entries start = 2, end = 133 to Follower 4
2025/12/08 16:53:41 Leader 1 send entries start = 3, end = 133 to Follower 2
2025/12/08 16:53:41 Leader 1 send entries start = 2, end = 133 to Follower 0
2025/12/08 16:53:41 Leader 1 send entries start = 2, end = 133 to Follower 3
2025/12/08 16:53:41 Leader 0 send entries start = 6, end = 90 to Follower 4
2025/12/08 16:53:41 Leader 0 send entries start = 7, end = 90 to Follower 2
2025/12/08 16:53:41 Leader 0 send entries start = 4, end = 90 to Follower 1
2025/12/08 16:53:41 Leader 0 send entries start = 6, end = 90 to Follower 3
2025/12/08 16:53:41 Leader 0 receive a command from client with index 90 with term 2
2025/12/08 16:53:41 Leader 1 receive a command from client with index 133 with term 1
2025/12/08 16:53:41 Leader 1 send entries start = 2, end = 134 to Follower 4
2025/12/08 16:53:41 Leader 1 send entries start = 2, end = 134 to Follower 0
2025/12/08 16:53:41 Leader 0 send entries start = 6, end = 91 to Follower 4
2025/12/08 16:53:41 Leader 1 send entries start = 2, end = 134 to Follower 3
2025/12/08 16:53:41 Leader 1 send entries start = 3, end = 134 to Follower 2
2025/12/08 16:53:41 Leader 0 send entries start = 7, end = 91 to Follower 2
2025/12/08 16:53:41 Leader 0 send entries start = 4, end = 91 to Follower 1
2025/12/08 16:53:41 Leader 0 send entries start = 6, end = 91 to Follower 3
2025/12/08 16:53:41 Leader 0 receive a command from client with index 91 with term 2
2025/12/08 16:53:41 Leader 1 receive a command from client with index 134 with term 1
2025/12/08 16:53:41 Leader 1 send entries start = 2, end = 135 to Follower 4
2025/12/08 16:53:41 Leader 1 send entries start = 2, end = 135 to Follower 0
2025/12/08 16:53:41 Leader 1 send entries start = 3, end = 135 to Follower 2
2025/12/08 16:53:41 Leader 0 send entries start = 6, end = 92 to Follower 4
2025/12/08 16:53:41 Leader 0 send entries start = 7, end = 92 to Follower 2
2025/12/08 16:53:41 Leader 1 send entries start = 2, end = 135 to Follower 3
2025/12/08 16:53:41 Leader 0 send entries start = 6, end = 92 to Follower 3
2025/12/08 16:53:41 Leader 0 send entries start = 4, end = 92 to Follower 1
2025/12/08 16:53:41 Leader 1 send entries start = 2, end = 135 to Follower 4
2025/12/08 16:53:41 Leader 1 send entries start = 2, end = 135 to Follower 3
2025/12/08 16:53:41 Leader 1 send entries start = 3, end = 135 to Follower 2
2025/12/08 16:53:41 Leader 1 send entries start = 2, end = 135 to Follower 0
2025/12/08 16:53:41 Leader 0 send entries start = 6, end = 92 to Follower 4
2025/12/08 16:53:41 Leader 0 send entries start = 6, end = 92 to Follower 3
2025/12/08 16:53:41 Leader 0 send entries start = 7, end = 92 to Follower 2
2025/12/08 16:53:41 Leader 0 send entries start = 4, end = 92 to Follower 1
2025/12/08 16:53:41 Candidate 4 starts an election with term 7
2025/12/08 16:53:41 Candidate 4's log: [{<nil> 0} {7948 1} {8227 1} {5091 1} {4298 2}]
2025/12/08 16:53:41 Candidate 2 starts an election with term 7
2025/12/08 16:53:41 Candidate 2's log: [{<nil> 0} {7948 1} {8227 1} {5091 1} {4298 2} {7859 2}]
2025/12/08 16:53:41 Server 2 reject 4 for it has voted for 2
2025/12/08 16:53:41 3 find a higher term, change to FOLLOWER state
2025/12/08 16:53:41 Follower 3's log: [{<nil> 0} {7948 1} {8227 1} {5091 1} {4298 2}]
2025/12/08 16:53:41 lastLogTerm: Server 3: 2 VS Candidate 4: 2, result: false
2025/12/08 16:53:41 lastLogIndex: Server 3: 4 VS Candidate 4: 4, result: false
2025/12/08 16:53:41 Server 4 reject 2 for it has voted for 4
2025/12/08 16:53:41 Server 3 reject 2 for it has voted for 4
2025/12/08 16:53:41 Leader 1 send entries start = 2, end = 135 to Follower 4
2025/12/08 16:53:41 Leader 1 send entries start = 2, end = 135 to Follower 0
2025/12/08 16:53:41 Leader 1 send entries start = 2, end = 135 to Follower 3
2025/12/08 16:53:41 Leader 1 send entries start = 3, end = 135 to Follower 2
2025/12/08 16:53:41 Leader 0 send entries start = 6, end = 92 to Follower 4
2025/12/08 16:53:41 Leader 0 send entries start = 7, end = 92 to Follower 2
2025/12/08 16:53:41 Leader 0 send entries start = 4, end = 92 to Follower 1
2025/12/08 16:53:41 Leader 0 send entries start = 6, end = 92 to Follower 3
2025/12/08 16:53:41 Leader 0 receive a command from client with index 92 with term 2
2025/12/08 16:53:41 Leader 1 receive a command from client with index 135 with term 1
2025/12/08 16:53:41 Leader 1 send entries start = 2, end = 136 to Follower 4
2025/12/08 16:53:41 Leader 0 send entries start = 6, end = 93 to Follower 4
2025/12/08 16:53:41 Leader 0 send entries start = 7, end = 93 to Follower 2
2025/12/08 16:53:41 Leader 1 send entries start = 3, end = 136 to Follower 2
2025/12/08 16:53:41 Leader 0 send entries start = 4, end = 93 to Follower 1
2025/12/08 16:53:41 Leader 1 send entries start = 2, end = 136 to Follower 3
2025/12/08 16:53:41 Leader 0 send entries start = 6, end = 93 to Follower 3
2025/12/08 16:53:41 Leader 1 send entries start = 2, end = 136 to Follower 0
2025/12/08 16:53:41 Leader 0 receive a command from client with index 93 with term 2
2025/12/08 16:53:41 Leader 1 receive a command from client with index 136 with term 1
2025/12/08 16:53:41 Leader 1 send entries start = 2, end = 137 to Follower 4
2025/12/08 16:53:41 Leader 1 send entries start = 2, end = 137 to Follower 0
2025/12/08 16:53:41 Leader 0 send entries start = 6, end = 94 to Follower 4
2025/12/08 16:53:41 Leader 0 send entries start = 7, end = 94 to Follower 2
2025/12/08 16:53:41 Leader 0 send entries start = 6, end = 94 to Follower 3
2025/12/08 16:53:41 Leader 1 send entries start = 3, end = 137 to Follower 2
2025/12/08 16:53:41 Leader 0 send entries start = 4, end = 94 to Follower 1
2025/12/08 16:53:41 Leader 1 send entries start = 2, end = 137 to Follower 3
2025/12/08 16:53:41 Leader 0 receive a command from client with index 94 with term 2
2025/12/08 16:53:41 Leader 1 receive a command from client with index 137 with term 1
2025/12/08 16:53:41 Leader 1 send entries start = 2, end = 138 to Follower 4
2025/12/08 16:53:41 Leader 0 send entries start = 6, end = 95 to Follower 4
2025/12/08 16:53:41 Leader 1 send entries start = 3, end = 138 to Follower 2
2025/12/08 16:53:41 Leader 0 send entries start = 7, end = 95 to Follower 2
2025/12/08 16:53:41 Leader 0 send entries start = 6, end = 95 to Follower 3
2025/12/08 16:53:41 Leader 0 send entries start = 4, end = 95 to Follower 1
2025/12/08 16:53:41 Leader 1 send entries start = 2, end = 138 to Follower 3
2025/12/08 16:53:41 Leader 1 send entries start = 2, end = 138 to Follower 0
2025/12/08 16:53:41 Leader 0 receive a command from client with index 95 with term 2
2025/12/08 16:53:41 Leader 1 receive a command from client with index 138 with term 1
2025/12/08 16:53:41 Leader 1 send entries start = 2, end = 139 to Follower 4
2025/12/08 16:53:41 Leader 1 send entries start = 2, end = 139 to Follower 0
2025/12/08 16:53:41 Leader 1 send entries start = 3, end = 139 to Follower 2
2025/12/08 16:53:41 Leader 0 send entries start = 6, end = 96 to Follower 4
2025/12/08 16:53:41 Leader 1 send entries start = 2, end = 139 to Follower 3
2025/12/08 16:53:41 Leader 0 send entries start = 4, end = 96 to Follower 1
2025/12/08 16:53:42 Leader 0 send entries start = 7, end = 96 to Follower 2
2025/12/08 16:53:42 Leader 0 send entries start = 6, end = 96 to Follower 3
2025/12/08 16:53:42 Leader 0 receive a command from client with index 96 with term 2
2025/12/08 16:53:42 Leader 1 receive a command from client with index 139 with term 1
2025/12/08 16:53:42 Leader 1 send entries start = 2, end = 140 to Follower 4
2025/12/08 16:53:42 Leader 0 send entries start = 6, end = 97 to Follower 4
2025/12/08 16:53:42 Leader 0 send entries start = 7, end = 97 to Follower 2
2025/12/08 16:53:42 Leader 1 send entries start = 3, end = 140 to Follower 2
2025/12/08 16:53:42 Leader 0 send entries start = 6, end = 97 to Follower 3
2025/12/08 16:53:42 Leader 0 send entries start = 4, end = 97 to Follower 1
2025/12/08 16:53:42 Leader 1 send entries start = 2, end = 140 to Follower 0
2025/12/08 16:53:42 Leader 1 send entries start = 2, end = 140 to Follower 3
2025/12/08 16:53:42 Leader 0 receive a command from client with index 97 with term 2
2025/12/08 16:53:42 Leader 1 receive a command from client with index 140 with term 1
2025/12/08 16:53:42 Leader 1 send entries start = 2, end = 141 to Follower 4
2025/12/08 16:53:42 Leader 1 send entries start = 2, end = 141 to Follower 0
2025/12/08 16:53:42 Leader 1 send entries start = 2, end = 141 to Follower 3
2025/12/08 16:53:42 Leader 1 send entries start = 3, end = 141 to Follower 2
2025/12/08 16:53:42 Leader 0 send entries start = 6, end = 98 to Follower 4
2025/12/08 16:53:42 Leader 0 send entries start = 7, end = 98 to Follower 2
2025/12/08 16:53:42 Leader 0 send entries start = 4, end = 98 to Follower 1
2025/12/08 16:53:42 Leader 0 send entries start = 6, end = 98 to Follower 3
2025/12/08 16:53:42 Leader 1 send entries start = 2, end = 141 to Follower 4
2025/12/08 16:53:42 Leader 1 send entries start = 3, end = 141 to Follower 2
2025/12/08 16:53:42 Leader 1 send entries start = 2, end = 141 to Follower 0
2025/12/08 16:53:42 Leader 1 send entries start = 2, end = 141 to Follower 3
2025/12/08 16:53:42 Leader 0 receive a command from client with index 98 with term 2
2025/12/08 16:53:42 Leader 1 receive a command from client with index 141 with term 1
2025/12/08 16:53:42 Leader 0 send entries start = 6, end = 99 to Follower 4
2025/12/08 16:53:42 Leader 0 send entries start = 6, end = 99 to Follower 3
2025/12/08 16:53:42 Leader 1 send entries start = 2, end = 142 to Follower 4
2025/12/08 16:53:42 Leader 0 send entries start = 7, end = 99 to Follower 2
2025/12/08 16:53:42 Leader 1 send entries start = 2, end = 142 to Follower 0
2025/12/08 16:53:42 Leader 0 send entries start = 4, end = 99 to Follower 1
2025/12/08 16:53:42 Leader 1 send entries start = 3, end = 142 to Follower 2
2025/12/08 16:53:42 Leader 1 send entries start = 2, end = 142 to Follower 3
2025/12/08 16:53:42 Leader 0 receive a command from client with index 99 with term 2
2025/12/08 16:53:42 Leader 1 receive a command from client with index 142 with term 1
2025/12/08 16:53:42 Leader 0 receive a command from client with index 100 with term 2
2025/12/08 16:53:42 Leader 1 send entries start = 2, end = 143 to Follower 4
2025/12/08 16:53:42 Leader 0 send entries start = 6, end = 100 to Follower 4
2025/12/08 16:53:42 Leader 1 send entries start = 2, end = 143 to Follower 3
2025/12/08 16:53:42 Leader 0 send entries start = 4, end = 100 to Follower 1
2025/12/08 16:53:42 Leader 1 send entries start = 2, end = 143 to Follower 0
2025/12/08 16:53:42 Leader 0 send entries start = 7, end = 100 to Follower 2
2025/12/08 16:53:42 Leader 1 receive a command from client with index 143 with term 1
2025/12/08 16:53:42 Leader 1 send entries start = 3, end = 143 to Follower 2
2025/12/08 16:53:42 Leader 0 send entries start = 6, end = 100 to Follower 3
2025/12/08 16:53:42 Leader 1 send entries start = 2, end = 144 to Follower 4
2025/12/08 16:53:42 Leader 0 send entries start = 6, end = 101 to Follower 4
2025/12/08 16:53:42 Leader 0 send entries start = 4, end = 101 to Follower 1
2025/12/08 16:53:42 Leader 1 send entries start = 2, end = 144 to Follower 0
2025/12/08 16:53:42 Leader 0 send entries start = 7, end = 101 to Follower 2
2025/12/08 16:53:42 Leader 0 send entries start = 6, end = 101 to Follower 3
2025/12/08 16:53:42 Leader 1 send entries start = 3, end = 144 to Follower 2
2025/12/08 16:53:42 Leader 1 send entries start = 2, end = 144 to Follower 3
2025/12/08 16:53:42 Leader 0 receive a command from client with index 101 with term 2
2025/12/08 16:53:42 Leader 1 receive a command from client with index 144 with term 1
2025/12/08 16:53:42 Leader 1 send entries start = 2, end = 145 to Follower 4
2025/12/08 16:53:42 Leader 0 send entries start = 6, end = 102 to Follower 4
2025/12/08 16:53:42 Leader 1 send entries start = 3, end = 145 to Follower 2
2025/12/08 16:53:42 Leader 0 send entries start = 4, end = 102 to Follower 1
2025/12/08 16:53:42 Leader 1 send entries start = 2, end = 145 to Follower 3
2025/12/08 16:53:42 Leader 0 send entries start = 7, end = 102 to Follower 2
2025/12/08 16:53:42 Leader 0 send entries start = 6, end = 102 to Follower 3
2025/12/08 16:53:42 Leader 1 send entries start = 2, end = 145 to Follower 0
2025/12/08 16:53:42 Leader 0 receive a command from client with index 102 with term 2
2025/12/08 16:53:42 Leader 1 receive a command from client with index 145 with term 1
2025/12/08 16:53:42 Leader 1 send entries start = 2, end = 146 to Follower 4
2025/12/08 16:53:42 Leader 1 send entries start = 2, end = 146 to Follower 0
2025/12/08 16:53:42 Leader 0 send entries start = 6, end = 103 to Follower 4
2025/12/08 16:53:42 Leader 1 send entries start = 3, end = 146 to Follower 2
2025/12/08 16:53:42 Leader 0 send entries start = 6, end = 103 to Follower 3
2025/12/08 16:53:42 Leader 0 send entries start = 4, end = 103 to Follower 1
2025/12/08 16:53:42 Leader 1 send entries start = 2, end = 146 to Follower 3
2025/12/08 16:53:42 Leader 0 send entries start = 7, end = 103 to Follower 2
2025/12/08 16:53:42 Leader 0 receive a command from client with index 103 with term 2
2025/12/08 16:53:42 Leader 1 receive a command from client with index 146 with term 1
2025/12/08 16:53:42 Leader 1 send entries start = 2, end = 147 to Follower 4
2025/12/08 16:53:42 Leader 0 send entries start = 6, end = 104 to Follower 4
2025/12/08 16:53:42 Leader 0 send entries start = 7, end = 104 to Follower 2
2025/12/08 16:53:42 Leader 1 send entries start = 3, end = 147 to Follower 2
2025/12/08 16:53:42 Leader 0 send entries start = 4, end = 104 to Follower 1
2025/12/08 16:53:42 Leader 0 send entries start = 6, end = 104 to Follower 3
2025/12/08 16:53:42 Leader 1 send entries start = 2, end = 147 to Follower 3
2025/12/08 16:53:42 Leader 1 send entries start = 2, end = 147 to Follower 0
2025/12/08 16:53:42 Leader 0 receive a command from client with index 104 with term 2
2025/12/08 16:53:42 Leader 1 receive a command from client with index 147 with term 1
2025/12/08 16:53:42 Leader 1 send entries start = 2, end = 148 to Follower 4
2025/12/08 16:53:42 Leader 1 send entries start = 2, end = 148 to Follower 3
2025/12/08 16:53:42 Leader 0 send entries start = 6, end = 105 to Follower 4
2025/12/08 16:53:42 Leader 0 send entries start = 7, end = 105 to Follower 2
2025/12/08 16:53:42 Leader 0 send entries start = 6, end = 105 to Follower 3
2025/12/08 16:53:42 Leader 1 send entries start = 3, end = 148 to Follower 2
2025/12/08 16:53:42 Leader 0 send entries start = 4, end = 105 to Follower 1
2025/12/08 16:53:42 Leader 1 send entries start = 2, end = 148 to Follower 0
2025/12/08 16:53:42 Leader 0 receive a command from client with index 105 with term 2
2025/12/08 16:53:42 Leader 1 receive a command from client with index 148 with term 1
2025/12/08 16:53:42 Leader 1 send entries start = 2, end = 149 to Follower 4
2025/12/08 16:53:42 Leader 1 send entries start = 2, end = 149 to Follower 0
2025/12/08 16:53:42 Leader 1 send entries start = 3, end = 149 to Follower 2
2025/12/08 16:53:42 Leader 1 send entries start = 2, end = 149 to Follower 3
2025/12/08 16:53:42 Leader 0 send entries start = 6, end = 106 to Follower 4
2025/12/08 16:53:42 Leader 0 send entries start = 7, end = 106 to Follower 2
2025/12/08 16:53:42 Leader 0 send entries start = 6, end = 106 to Follower 3
2025/12/08 16:53:42 Leader 0 send entries start = 4, end = 106 to Follower 1
2025/12/08 16:53:42 Leader 0 receive a command from client with index 106 with term 2
2025/12/08 16:53:42 Leader 1 receive a command from client with index 149 with term 1
2025/12/08 16:53:42 Leader 1 send entries start = 2, end = 150 to Follower 4
2025/12/08 16:53:42 Leader 1 send entries start = 2, end = 150 to Follower 0
2025/12/08 16:53:42 Leader 1 send entries start = 2, end = 150 to Follower 3
2025/12/08 16:53:42 Leader 1 send entries start = 3, end = 150 to Follower 2
2025/12/08 16:53:42 Leader 0 send entries start = 6, end = 107 to Follower 4
2025/12/08 16:53:42 Leader 0 send entries start = 6, end = 107 to Follower 3
2025/12/08 16:53:42 Leader 0 send entries start = 7, end = 107 to Follower 2
2025/12/08 16:53:42 Leader 0 send entries start = 4, end = 107 to Follower 1
2025/12/08 16:53:42 Leader 0 receive a command from client with index 107 with term 2
2025/12/08 16:53:42 Leader 1 receive a command from client with index 150 with term 1
2025/12/08 16:53:42 Leader 1 send entries start = 2, end = 151 to Follower 4
2025/12/08 16:53:42 Leader 1 send entries start = 2, end = 151 to Follower 0
2025/12/08 16:53:42 Leader 1 send entries start = 2, end = 151 to Follower 3
2025/12/08 16:53:42 Leader 1 send entries start = 3, end = 151 to Follower 2
2025/12/08 16:53:42 Leader 0 send entries start = 6, end = 108 to Follower 4
2025/12/08 16:53:42 Leader 0 send entries start = 7, end = 108 to Follower 2
2025/12/08 16:53:42 Leader 0 send entries start = 6, end = 108 to Follower 3
2025/12/08 16:53:42 Leader 0 send entries start = 4, end = 108 to Follower 1
2025/12/08 16:53:42 Leader 0 receive a command from client with index 108 with term 2
2025/12/08 16:53:42 Leader 1 receive a command from client with index 151 with term 1
2025/12/08 16:53:42 Leader 1 send entries start = 2, end = 152 to Follower 4
2025/12/08 16:53:42 Leader 1 send entries start = 2, end = 152 to Follower 0
2025/12/08 16:53:42 Leader 1 send entries start = 2, end = 152 to Follower 3
2025/12/08 16:53:42 Leader 0 send entries start = 6, end = 109 to Follower 4
2025/12/08 16:53:42 Leader 0 send entries start = 7, end = 109 to Follower 2
2025/12/08 16:53:42 Leader 1 send entries start = 3, end = 152 to Follower 2
2025/12/08 16:53:42 Leader 0 send entries start = 4, end = 109 to Follower 1
2025/12/08 16:53:42 Leader 0 send entries start = 6, end = 109 to Follower 3
2025/12/08 16:53:42 Leader 0 receive a command from client with index 109 with term 2
2025/12/08 16:53:42 Leader 1 receive a command from client with index 152 with term 1
2025/12/08 16:53:42 Leader 1 send entries start = 2, end = 153 to Follower 4
2025/12/08 16:53:42 Leader 0 send entries start = 6, end = 110 to Follower 4
2025/12/08 16:53:42 Leader 0 send entries start = 4, end = 110 to Follower 1
2025/12/08 16:53:42 Leader 1 send entries start = 2, end = 153 to Follower 0
2025/12/08 16:53:42 Leader 0 send entries start = 7, end = 110 to Follower 2
2025/12/08 16:53:42 Leader 0 send entries start = 6, end = 110 to Follower 3
2025/12/08 16:53:42 Leader 1 send entries start = 3, end = 153 to Follower 2
2025/12/08 16:53:42 Leader 1 send entries start = 2, end = 153 to Follower 3
2025/12/08 16:53:42 Leader 0 receive a command from client with index 110 with term 2
2025/12/08 16:53:42 Leader 1 receive a command from client with index 153 with term 1
2025/12/08 16:53:42 Leader 0 send entries start = 6, end = 111 to Follower 4
2025/12/08 16:53:42 Leader 1 send entries start = 2, end = 154 to Follower 4
2025/12/08 16:53:42 Leader 0 send entries start = 7, end = 111 to Follower 2
2025/12/08 16:53:42 Leader 0 send entries start = 6, end = 111 to Follower 3
2025/12/08 16:53:42 Leader 0 send entries start = 4, end = 111 to Follower 1
2025/12/08 16:53:42 Leader 1 send entries start = 3, end = 154 to Follower 2
2025/12/08 16:53:42 Leader 1 send entries start = 2, end = 154 to Follower 0
2025/12/08 16:53:42 Leader 1 send entries start = 2, end = 154 to Follower 3
2025/12/08 16:53:42 Leader 0 receive a command from client with index 111 with term 2
2025/12/08 16:53:42 Leader 1 receive a command from client with index 154 with term 1
2025/12/08 16:53:42 Leader 1 send entries start = 2, end = 155 to Follower 4
2025/12/08 16:53:42 Leader 0 send entries start = 6, end = 112 to Follower 4
2025/12/08 16:53:42 Leader 0 send entries start = 7, end = 112 to Follower 2
2025/12/08 16:53:42 Leader 0 send entries start = 6, end = 112 to Follower 3
2025/12/08 16:53:42 Leader 1 send entries start = 3, end = 155 to Follower 2
2025/12/08 16:53:42 Leader 0 send entries start = 4, end = 112 to Follower 1
2025/12/08 16:53:42 Leader 1 send entries start = 2, end = 155 to Follower 0
2025/12/08 16:53:42 Leader 1 send entries start = 2, end = 155 to Follower 3
2025/12/08 16:53:42 Leader 0 receive a command from client with index 112 with term 2
2025/12/08 16:53:42 Leader 1 receive a command from client with index 155 with term 1
2025/12/08 16:53:42 Leader 1 send entries start = 2, end = 156 to Follower 4
2025/12/08 16:53:42 Leader 1 send entries start = 2, end = 156 to Follower 0
2025/12/08 16:53:42 Leader 1 send entries start = 3, end = 156 to Follower 2
2025/12/08 16:53:42 Leader 0 send entries start = 6, end = 113 to Follower 4
2025/12/08 16:53:42 Leader 1 send entries start = 2, end = 156 to Follower 3
2025/12/08 16:53:42 Leader 0 send entries start = 7, end = 113 to Follower 2
2025/12/08 16:53:42 Leader 0 send entries start = 6, end = 113 to Follower 3
2025/12/08 16:53:42 Leader 0 send entries start = 4, end = 113 to Follower 1
2025/12/08 16:53:42 Leader 0 send entries start = 6, end = 113 to Follower 4
2025/12/08 16:53:42 Leader 0 send entries start = 7, end = 113 to Follower 2
2025/12/08 16:53:42 Leader 0 receive a command from client with index 113 with term 2
2025/12/08 16:53:42 Leader 0 send entries start = 6, end = 114 to Follower 4
2025/12/08 16:53:42 Leader 1 receive a command from client with index 156 with term 1
2025/12/08 16:53:42 Leader 0 send entries start = 4, end = 114 to Follower 1
2025/12/08 16:53:42 Leader 0 send entries start = 6, end = 114 to Follower 3
2025/12/08 16:53:42 Leader 1 send entries start = 2, end = 157 to Follower 4
2025/12/08 16:53:42 Leader 1 send entries start = 2, end = 157 to Follower 0
2025/12/08 16:53:42 Leader 0 send entries start = 7, end = 114 to Follower 2
2025/12/08 16:53:42 Leader 1 send entries start = 3, end = 157 to Follower 2
2025/12/08 16:53:42 Leader 0 send entries start = 6, end = 114 to Follower 3
2025/12/08 16:53:42 Leader 1 send entries start = 2, end = 157 to Follower 3
2025/12/08 16:53:42 Leader 0 send entries start = 4, end = 114 to Follower 1
2025/12/08 16:53:42 Leader 0 receive a command from client with index 114 with term 2
2025/12/08 16:53:42 Leader 1 receive a command from client with index 157 with term 1
2025/12/08 16:53:42 Leader 1 send entries start = 2, end = 158 to Follower 4
2025/12/08 16:53:42 Leader 0 send entries start = 6, end = 115 to Follower 4
2025/12/08 16:53:42 Leader 1 send entries start = 2, end = 158 to Follower 0
2025/12/08 16:53:42 Leader 1 send entries start = 3, end = 158 to Follower 2
2025/12/08 16:53:42 Leader 1 send entries start = 2, end = 158 to Follower 3
2025/12/08 16:53:42 Leader 0 send entries start = 4, end = 115 to Follower 1
2025/12/08 16:53:42 Leader 0 send entries start = 7, end = 115 to Follower 2
2025/12/08 16:53:42 Leader 0 send entries start = 6, end = 115 to Follower 3
2025/12/08 16:53:42 Leader 0 receive a command from client with index 115 with term 2
2025/12/08 16:53:42 Leader 1 receive a command from client with index 158 with term 1
2025/12/08 16:53:42 Leader 1 send entries start = 2, end = 159 to Follower 4
2025/12/08 16:53:42 Leader 0 send entries start = 6, end = 116 to Follower 4
2025/12/08 16:53:42 Leader 1 send entries start = 3, end = 159 to Follower 2
2025/12/08 16:53:42 Leader 0 send entries start = 7, end = 116 to Follower 2
2025/12/08 16:53:42 Leader 1 send entries start = 2, end = 159 to Follower 3
2025/12/08 16:53:42 Leader 0 send entries start = 6, end = 116 to Follower 3
2025/12/08 16:53:42 Leader 1 send entries start = 2, end = 159 to Follower 0
2025/12/08 16:53:42 Leader 0 send entries start = 4, end = 116 to Follower 1
2025/12/08 16:53:42 Candidate 2 starts an election with term 8
2025/12/08 16:53:42 Candidate 2's log: [{<nil> 0} {7948 1} {8227 1} {5091 1} {4298 2} {7859 2}]
2025/12/08 16:53:42 Leader 0 receive a command from client with index 116 with term 2
2025/12/08 16:53:42 Leader 1 receive a command from client with index 159 with term 1
2025/12/08 16:53:42 Leader 0 send entries start = 4, end = 117 to Follower 1
2025/12/08 16:53:42 4 find a higher term, change to FOLLOWER state
2025/12/08 16:53:42 Leader 1 send entries start = 2, end = 160 to Follower 4
2025/12/08 16:53:42 Follower 4's log: [{<nil> 0} {7948 1} {8227 1} {5091 1} {4298 2}]
2025/12/08 16:53:42 lastLogTerm: Server 4: 2 VS Candidate 2: 2, result: false
2025/12/08 16:53:42 Leader 0 send entries start = 6, end = 117 to Follower 4
2025/12/08 16:53:42 Leader 1 send entries start = 3, end = 160 to Follower 2
2025/12/08 16:53:42 Leader 1 send entries start = 2, end = 160 to Follower 0
2025/12/08 16:53:42 lastLogIndex: Server 4: 4 VS Candidate 2: 5, result: false
2025/12/08 16:53:42 Leader 0 send entries start = 7, end = 117 to Follower 2
2025/12/08 16:53:42 Leader 1 send entries start = 2, end = 160 to Follower 3
2025/12/08 16:53:42 Leader 0 send entries start = 6, end = 117 to Follower 3
2025/12/08 16:53:42 Leader 0 receive a command from client with index 117 with term 2
2025/12/08 16:53:42 Leader 1 receive a command from client with index 160 with term 1
2025/12/08 16:53:42 Leader 1 send entries start = 2, end = 161 to Follower 4
2025/12/08 16:53:42 Leader 0 send entries start = 6, end = 118 to Follower 4
2025/12/08 16:53:42 Leader 0 send entries start = 7, end = 118 to Follower 2
2025/12/08 16:53:42 Leader 0 send entries start = 6, end = 118 to Follower 3
2025/12/08 16:53:42 Leader 0 send entries start = 4, end = 118 to Follower 1
2025/12/08 16:53:42 Leader 1 send entries start = 2, end = 161 to Follower 0
2025/12/08 16:53:42 Leader 1 send entries start = 2, end = 161 to Follower 3
2025/12/08 16:53:42 Leader 1 send entries start = 3, end = 161 to Follower 2
2025/12/08 16:53:42 3 find a higher term, change to FOLLOWER state
2025/12/08 16:53:42 Follower 3's log: [{<nil> 0} {7948 1} {8227 1} {5091 1} {4298 2}]
2025/12/08 16:53:42 lastLogTerm: Server 3: 2 VS Candidate 2: 2, result: false
2025/12/08 16:53:42 lastLogIndex: Server 3: 4 VS Candidate 2: 5, result: false
2025/12/08 16:53:42 Leader 2 send entries start = 6, end = 6 to Follower 4
2025/12/08 16:53:42 Leader 2 send entries start = 6, end = 6 to Follower 1
2025/12/08 16:53:42 Leader 0 receive a command from client with index 118 with term 2
2025/12/08 16:53:42 Leader 2 send entries start = 6, end = 6 to Follower 3
2025/12/08 16:53:42 Leader 1 receive a command from client with index 161 with term 1
2025/12/08 16:53:42 Leader 2 receive a command from client with index 6 with term 8
2025/12/08 16:53:42 Leader 2 send entries start = 6, end = 7 to Follower 4
2025/12/08 16:53:42 Leader 2 send entries start = 6, end = 7 to Follower 0
2025/12/08 16:53:42 Leader 0 send entries start = 6, end = 119 to Follower 4
2025/12/08 16:53:42 Leader 2 send entries start = 6, end = 7 to Follower 0
2025/12/08 16:53:42 Leader 1 send entries start = 2, end = 162 to Follower 4
2025/12/08 16:53:42 Leader 0 send entries start = 4, end = 119 to Follower 1
2025/12/08 16:53:42 Leader 2 send entries start = 6, end = 7 to Follower 1
2025/12/08 16:53:42 Leader 2 send entries start = 6, end = 7 to Follower 3
2025/12/08 16:53:42 Leader 0 send entries start = 7, end = 119 to Follower 2
2025/12/08 16:53:42 Leader 1 send entries start = 2, end = 162 to Follower 0
2025/12/08 16:53:42 Leader 0 send entries start = 6, end = 119 to Follower 3
2025/12/08 16:53:42 Leader 1 send entries start = 3, end = 162 to Follower 2
2025/12/08 16:53:42 Leader 1 send entries start = 2, end = 162 to Follower 3
2025/12/08 16:53:42 Leader 0 receive a command from client with index 119 with term 2
2025/12/08 16:53:42 Leader 1 receive a command from client with index 162 with term 1
2025/12/08 16:53:42 Leader 2 receive a command from client with index 7 with term 8
2025/12/08 16:53:42 Follower 4 reject AppendEntries from Leader 2 for log inconsistency at prevLogIndex 5 and prevLogTerm 2 with full reply = &{Term:8 Success:false XIndex:0 XTerm:0 XLen:5}
2025/12/08 16:53:42 Follower 4 reject AppendEntries from Leader 2 for log inconsistency with full reply = &{Term:8 Success:false XIndex:0 XTerm:0 XLen:5}
2025/12/08 16:53:42 Leader 0 send entries start = 6, end = 120 to Follower 4
2025/12/08 16:53:42 Leader 2 send entries start = 6, end = 8 to Follower 4
2025/12/08 16:53:42 Leader 2 got rejection from 4 in term 8 with reply.term = 8
2025/12/08 16:53:42 Leader 2: before update, nextIndex[4] = 6
2025/12/08 16:53:42 Leader 2 receive full reply: {Term:8 Success:false XIndex:0 XTerm:0 XLen:5}
2025/12/08 16:53:42 Leader 2 receive additional info: XTerm = 0, XIndex = 0, XLen = 5
2025/12/08 16:53:42 Leader 2: update nextIndex[4](case 3) = 5
2025/12/08 16:53:42 Leader 2: after update, nextIndex[4] = 5
2025/12/08 16:53:42 Leader 1 send entries start = 2, end = 163 to Follower 4
2025/12/08 16:53:42 Leader 0 send entries start = 4, end = 120 to Follower 1
2025/12/08 16:53:42 Leader 2 send entries start = 6, end = 8 to Follower 3
2025/12/08 16:53:42 Leader 1 send entries start = 2, end = 163 to Follower 0
2025/12/08 16:53:42 Leader 2 send entries start = 6, end = 8 to Follower 0
2025/12/08 16:53:42 Leader 2 send entries start = 6, end = 8 to Follower 1
2025/12/08 16:53:42 Leader 0 send entries start = 7, end = 120 to Follower 2
2025/12/08 16:53:42 Leader 1 send entries start = 3, end = 163 to Follower 2
2025/12/08 16:53:42 Leader 0 send entries start = 6, end = 120 to Follower 3
2025/12/08 16:53:42 Leader 1 send entries start = 2, end = 163 to Follower 3
2025/12/08 16:53:42 Follower 3 reject AppendEntries from Leader 2 for log inconsistency at prevLogIndex 5 and prevLogTerm 2 with full reply = &{Term:8 Success:false XIndex:0 XTerm:0 XLen:5}
2025/12/08 16:53:42 Follower 3 reject AppendEntries from Leader 2 for log inconsistency with full reply = &{Term:8 Success:false XIndex:0 XTerm:0 XLen:5}
2025/12/08 16:53:42 Leader 2 got rejection from 3 in term 8 with reply.term = 8
2025/12/08 16:53:42 Leader 2: before update, nextIndex[3] = 6
2025/12/08 16:53:42 Leader 2 receive full reply: {Term:8 Success:false XIndex:0 XTerm:0 XLen:5}
2025/12/08 16:53:42 Leader 2 receive additional info: XTerm = 0, XIndex = 0, XLen = 5
2025/12/08 16:53:42 Leader 2: update nextIndex[3](case 3) = 5
2025/12/08 16:53:42 Leader 2: after update, nextIndex[3] = 5
2025/12/08 16:53:42 Leader 0 receive a command from client with index 120 with term 2
2025/12/08 16:53:42 Leader 1 receive a command from client with index 163 with term 1
2025/12/08 16:53:42 Leader 2 receive a command from client with index 8 with term 8
2025/12/08 16:53:42 Leader 2 send entries start = 5, end = 9 to Follower 4
2025/12/08 16:53:42 Leader 2 send entries start = 6, end = 9 to Follower 0
2025/12/08 16:53:42 Leader 1 send entries start = 2, end = 164 to Follower 4
2025/12/08 16:53:42 Leader 0 send entries start = 6, end = 121 to Follower 4
2025/12/08 16:53:42 Leader 2 send entries start = 6, end = 9 to Follower 1
2025/12/08 16:53:42 Leader 1 send entries start = 3, end = 164 to Follower 2
2025/12/08 16:53:42 Leader 0 send entries start = 4, end = 121 to Follower 1
2025/12/08 16:53:42 Leader 2 send entries start = 5, end = 9 to Follower 3
2025/12/08 16:53:42 Leader 1 send entries start = 2, end = 164 to Follower 0
2025/12/08 16:53:42 Leader 0 send entries start = 7, end = 121 to Follower 2
2025/12/08 16:53:42 Leader 1 send entries start = 2, end = 164 to Follower 3
2025/12/08 16:53:42 Leader 0 send entries start = 6, end = 121 to Follower 3
2025/12/08 16:53:42 Follower 3 reject AppendEntries from Leader 2 for log inconsistency at prevLogIndex 5 and prevLogTerm 2 with full reply = &{Term:8 Success:false XIndex:0 XTerm:0 XLen:5}
2025/12/08 16:53:42 Follower 3 reject AppendEntries from Leader 2 for log inconsistency with full reply = &{Term:8 Success:false XIndex:0 XTerm:0 XLen:5}
2025/12/08 16:53:42 Leader 2 got rejection from 3 in term 8 with reply.term = 8
2025/12/08 16:53:42 Leader 2: before update, nextIndex[3] = 5
2025/12/08 16:53:42 Leader 2 receive full reply: {Term:8 Success:false XIndex:0 XTerm:0 XLen:5}
2025/12/08 16:53:42 Leader 2 receive additional info: XTerm = 0, XIndex = 0, XLen = 5
2025/12/08 16:53:42 Leader 2: update nextIndex[3](case 2) = 1
2025/12/08 16:53:42 Leader 2: after update, nextIndex[3] = 1
2025/12/08 16:53:42 Follower 4 log before append: [{<nil> 0} {7948 1} {8227 1} {5091 1} {4298 2}], and about to append entries [{7859 2} {2688 8} {6038 8} {4953 8}] at prevlogindex = 4
2025/12/08 16:53:42 Follower 4 log after append: [{<nil> 0} {7948 1} {8227 1} {5091 1} {4298 2} {7859 2} {2688 8} {6038 8} {4953 8}]
2025/12/08 16:53:42 Follower 4 signal applier to work
2025/12/08 16:53:42 Server 4 wake up! wait for new log to apply from index 2 to 1
2025/12/08 16:53:42 Leader 2 check Follower 4 nextIndex = 9, matchIndex = 8, all matchIndex: [0 0 8 0 8]
2025/12/08 16:53:42 Leader 2 signal applier to work
2025/12/08 16:53:42 Server 2 wake up! wait for new log to apply from index 2 to 1
2025/12/08 16:53:42 Follower 3 reject AppendEntries from Leader 2 for log inconsistency at prevLogIndex 5 and prevLogTerm 2 with full reply = &{Term:8 Success:false XIndex:0 XTerm:0 XLen:5}
2025/12/08 16:53:42 Follower 3 reject AppendEntries from Leader 2 for log inconsistency with full reply = &{Term:8 Success:false XIndex:0 XTerm:0 XLen:5}
2025/12/08 16:53:42 Leader 2 got rejection from 3 in term 8 with reply.term = 8
2025/12/08 16:53:42 Leader 2: before update, nextIndex[3] = 1
2025/12/08 16:53:42 Leader 2 receive full reply: {Term:8 Success:false XIndex:0 XTerm:0 XLen:5}
2025/12/08 16:53:42 Leader 2 receive additional info: XTerm = 0, XIndex = 0, XLen = 5
2025/12/08 16:53:42 Leader 2: update nextIndex[3](case 2) = 1
2025/12/08 16:53:42 Leader 2: after update, nextIndex[3] = 1
2025/12/08 16:53:42 Follower 3 log before append: [{<nil> 0} {7948 1} {8227 1} {5091 1} {4298 2}], and about to append entries [{7859 2} {2688 8} {6038 8} {4953 8}] at prevlogindex = 4
2025/12/08 16:53:42 Follower 3 log after append: [{<nil> 0} {7948 1} {8227 1} {5091 1} {4298 2} {7859 2} {2688 8} {6038 8} {4953 8}]
2025/12/08 16:53:42 Follower 3 signal applier to work
2025/12/08 16:53:42 Leader 2 check Follower 3 nextIndex = 9, matchIndex = 8, all matchIndex: [0 0 8 8 8]
2025/12/08 16:53:42 Leader 2 advance commitIndex from 1 to 8, all matchIndex: [0 0 8 8 8]
2025/12/08 16:53:42 Leader 2 signal applier to work
2025/12/08 16:53:42 Server 2 wake up! wait for new log to apply from index 2 to 8
2025/12/08 16:53:42 Server 2 begin to apply log from index 2 to 8
2025/12/08 16:53:42 Server 2 apply message with index 2 and command {8227 1}
2025/12/08 16:53:42 Server 2 apply message with index 3 and command {5091 1}
2025/12/08 16:53:42 Server 2 apply message with index 4 and command {4298 2}
2025/12/08 16:53:42 Server 2 apply message with index 5 and command {7859 2}
2025/12/08 16:53:42 Server 2 apply message with index 6 and command {2688 8}
2025/12/08 16:53:42 Server 3 wake up! wait for new log to apply from index 2 to 1
info: wrote visualization to /tmp/porcupine-108850765.html
2025/12/08 16:53:42 apply error: commit index=6 server=2 2688 != server=0 3131
FAIL	6.5840/raft1	5.176s
FAIL
